Домен документов,Сет документов,Название документа,Отрывок из документа,Тип вопроса,Вопрос,Ответ
Техническая документация,Инструкции по эксплуатации техники,snow_plow.pdf,"Не допускайте посторонних, детей, животных ближе, чем 20 м к снегоуборщику во время
его работы. Немедленно остановите машину, если посторонние находятся
в зоне работы со снегоуборщиком.",Simple,На каком минимальном расстоянии от снегоуборщика можно находиться во время его работы?,"Не ближе, чем 20 м."
Техническая документация,Инструкции по эксплуатации техники,snow_plow.pdf,"Не допускайте посторонних, детей, животных ближе, чем 20 м к снегоуборщику во время
его работы. Немедленно остановите машину, если посторонние находятся
в зоне работы со снегоуборщиком.",With errors,"С какого растаяния нильзя подходить к снегоуборщику, когда он работает?","Не ближе, чем 20 м."
Техническая документация,Инструкции по эксплуатации техники,snow_plow.pdf,"Не допускайте посторонних, детей, животных ближе, чем 20 м к снегоуборщику во время
его работы. Немедленно остановите машину, если посторонние находятся
в зоне работы со снегоуборщиком.",Trash,"Слушай, у меня тут спор с другом — он говорит, что можно стоять прямо рядом со снегоуборщиком, а я думаю, что есть какое-то конкретное расстояние, на котором находиться нельзя. Есть какие-то правила по этому поводу?","Не ближе, чем 20 м."
Техническая документация,Инструкции по эксплуатации техники,snow_plow.pdf,"Не допускайте посторонних, детей, животных ближе, чем 20 м к снегоуборщику во время
его работы. Немедленно остановите машину, если посторонние находятся
в зоне работы со снегоуборщиком.",Reformulation,Какое расстояние считается безопасным для людей и животных при работе снегоуборщика?,"Не ближе, чем 20 м."
Техническая документация,Инструкции по эксплуатации техники,snow_plow.pdf,"Не допускайте посторонних, детей, животных ближе, чем 20 м к снегоуборщику во время
его работы. Немедленно остановите машину, если посторонние находятся
в зоне работы со снегоуборщиком.",Incorrect by design,"Верно ли, что безопасное расстояние для людей рядом со снегоуборщиком составляет 10 метров?","Нет, это неверно. Люди должны находиться ближе 20 метров к снегоуборщику во время его работы."
Техническая документация,Инструкции по эксплуатации техники,snow_plow.pdf,"Характеристика	PS 550D	PS 650DE	PS 650DDE
Система запуска	Ручной	Электростартер/аккумулятор	Электростартер
Макс. мощность, л.с.	5,5	6,5	6,5
Количество скоростей	5 вперед / 2 назад	Вариатор	Вариатор
Ширина захвата, см	56	62	56
Высота захвата, см	51	51	51
Дальность выброса, м	10	13	13
Угол/направление выброса	190° / 70°	190° / 70°	185° / 70°
Шнек	Металлический	Металлический	Металлический
Вес, кг	75	80	78
Привод	Колесный/самоходный	Колесный/самоходный	Колесный/самоходный",Table,Какой максимальной мощности двигатель установлен в модели PS 650DE?,"6,5 л.с."
Техническая документация,Инструкции по эксплуатации техники,snow_plow.pdf,"Характеристика        PS 550D        PS 650DE        PS 650DDE
Система запуска        Ручной        Электростартер/аккумулятор        Электростартер
Макс. мощность, л.с.        5,5        6,5        6,5
Количество скоростей        5 вперед / 2 назад        Вариатор        Вариатор
Ширина захвата, см        56        62        56
Высота захвата, см        51        51        51
Дальность выброса, м        10        13        13
Угол/направление выброса        190° / 70°        190° / 70°        185° / 70°
Шнек        Металлический        Металлический        Металлический
Вес, кг        75        80        78
Привод        Колесный/самоходный        Колесный/самоходный        Колесный/самоходный",Table,Какой угол выброса снега у модели PS 650DDE?,185°
Техническая документация,Инструкции по эксплуатации техники,snow_plow.pdf,,No info,"Какие экологические стандарты выбросов соблюдают двигатели снегоуборщиков PS 550D, PS 650DE и PS 650DDE?",В документах нет информации для ответа на этот вопрос.
Техническая документация,Инструкции по эксплуатации техники,snow_plow.pdf,"ПРИМЕЧАНИЕ: Тросы не поддаются регулировке в том случае, если шнеки продолжают вращаться при отпущенном рычаге привода шнека и/или машина продолжает двигаться при отпущенном рычаге привода колес.",Simple,В каких случаях тросы не поддаются регулировке?,"Тросы не поддаются регулировке, если шнеки продолжают вращаться при отпущенном рычаге привода шнека и/или машина продолжает двигаться при отпущенном рычаге привода колес.

"
Техническая документация,Инструкции по эксплуатации техники,snow_plow.pdf,"ПРИМЕЧАНИЕ: Тросы не поддаются регулировке в том случае, если шнеки продолжают вращаться при отпущенном рычаге привода шнека и/или машина продолжает двигаться при отпущенном рычаге привода колес.",With errors,В каких случая троссы не паддаются регулировкэ?,"Тросы не поддаются регулировке, если шнеки продолжают вращаться при отпущенном рычаге привода шнека и/или машина продолжает двигаться при отпущенном рычаге привода колес.

"
Техническая документация,Инструкции по эксплуатации техники,snow_plow.pdf,"ПРИМЕЧАНИЕ: Тросы не поддаются регулировке в том случае, если шнеки продолжают вращаться при отпущенном рычаге привода шнека и/или машина продолжает двигаться при отпущенном рычаге привода колес.",Trash,"Привет! У меня проблема с машиной, что-то с тросами, короче, они вообще не хотят регулироваться. Может, это как-то связано с тем, что у меня шнеки крутятся, даже если рычаг отпущен? Или, например, колеса двигаются сами по себе? Как это исправить?","Тросы не поддаются регулировке, если шнеки продолжают вращаться при отпущенном рычаге привода шнека и/или машина продолжает двигаться при отпущенном рычаге привода колес.

"
Техническая документация,Инструкции по эксплуатации техники,snow_plow.pdf,"ПРИМЕЧАНИЕ: Тросы не поддаются регулировке в том случае, если шнеки продолжают вращаться при отпущенном рычаге привода шнека и/или машина продолжает двигаться при отпущенном рычаге привода колес.",Reformulation,При каких обстоятельствах не удастся внести изменения в натяжение тросов?,"Тросы не поддаются регулировке, если шнеки продолжают вращаться при отпущенном рычаге привода шнека и/или машина продолжает двигаться при отпущенном рычаге привода колес.

"
Техническая документация,Инструкции по эксплуатации техники,snow_plow.pdf,"ПРИМЕЧАНИЕ: Тросы не поддаются регулировке в том случае, если шнеки продолжают вращаться при отпущенном рычаге привода шнека и/или машина продолжает двигаться при отпущенном рычаге привода колес.",Incorrect by design,"Регулировка тросов выполняется автоматически, если шнеки вращаются и машина двигается без нажатия на рычаги?","Нет, это неверно. Наоборот, тросы не поддаются регулировке в случае, если шнеки продолжают вращаться при отпущенном рычаге привода шнека и/или машина продолжает двигаться при отпущенном рычаге привода колес.
"
Техническая документация,Инструкции по эксплуатации техники,snow_plow.pdf,"Рычаг переключения скоростей
Рычаг переключения скоростей расположен в центре на панели управления.
Он позволяет менять скорость перемещения и направление движения снегоуборщика в пределах 7 положений рычага.
ВНИМАНИЕ: Перед тем, как сменить скорость, всегда отпускайте рычаг привода колес.

Движение вперед:
Снегоуборщик имеет 5 скоростей движения вперед (F), первая скорость – самая низкая.

Всегда отпускайте рычаг привода колес перед тем, как переключить скорость.
Движение назад:
Снегоуборщик имеет 2 скорости обратного хода (R), первая скорость – самая низкая.

",Simple,Сколько скоростей вперед и назад есть у снегоуборщика?,"У снегоуборщика есть 5 скоростей движения вперед и 2 скорости обратного хода.
"
Техническая документация,Инструкции по эксплуатации техники,snow_plow.pdf,"Рычаг переключения скоростей
Рычаг переключения скоростей расположен в центре на панели управления.
Он позволяет менять скорость перемещения и направление движения снегоуборщика в пределах 7 положений рычага.
ВНИМАНИЕ: Перед тем, как сменить скорость, всегда отпускайте рычаг привода колес.

Движение вперед:
Снегоуборщик имеет 5 скоростей движения вперед (F), первая скорость – самая низкая.

Всегда отпускайте рычаг привода колес перед тем, как переключить скорость.
Движение назад:
Снегоуборщик имеет 2 скорости обратного хода (R), первая скорость – самая низкая.

",With errors,Сколко у снегоуборшика передач для движения вперед и назад?,"У снегоуборщика есть 5 скоростей движения вперед и 2 скорости обратного хода.
"
Техническая документация,Инструкции по эксплуатации техники,snow_plow.pdf,"Рычаг переключения скоростей
Рычаг переключения скоростей расположен в центре на панели управления.
Он позволяет менять скорость перемещения и направление движения снегоуборщика в пределах 7 положений рычага.
ВНИМАНИЕ: Перед тем, как сменить скорость, всегда отпускайте рычаг привода колес.

Движение вперед:
Снегоуборщик имеет 5 скоростей движения вперед (F), первая скорость – самая низкая.

Всегда отпускайте рычаг привода колес перед тем, как переключить скорость.
Движение назад:
Снегоуборщик имеет 2 скорости обратного хода (R), первая скорость – самая низкая.

",Trash,"Привет, у меня есть вопрос про управление снегоуборщиком. Там ведь есть какая-то панель управления, и вроде как можно менять скорости, верно? Вот мне интересно, сколько всего скоростей у него вперед и назад? И еще, нужно ли что-то делать перед переключением? Я просто не хочу сломать технику. Спасибо!","У снегоуборщика есть 5 скоростей движения вперед и 2 скорости обратного хода.
"
Техническая документация,Инструкции по эксплуатации техники,snow_plow.pdf,"Рычаг переключения скоростей
Рычаг переключения скоростей расположен в центре на панели управления.
Он позволяет менять скорость перемещения и направление движения снегоуборщика в пределах 7 положений рычага.
ВНИМАНИЕ: Перед тем, как сменить скорость, всегда отпускайте рычаг привода колес.

Движение вперед:
Снегоуборщик имеет 5 скоростей движения вперед (F), первая скорость – самая низкая.

Всегда отпускайте рычаг привода колес перед тем, как переключить скорость.
Движение назад:
Снегоуборщик имеет 2 скорости обратного хода (R), первая скорость – самая низкая.

",Reformulation,Сколько возможных режимов передвижения вперед и назад поддерживает этот механизм?,"У снегоуборщика есть 5 скоростей движения вперед и 2 скорости обратного хода.
"
Техническая документация,Инструкции по эксплуатации техники,snow_plow.pdf,"Рычаг переключения скоростей
Рычаг переключения скоростей расположен в центре на панели управления.
Он позволяет менять скорость перемещения и направление движения снегоуборщика в пределах 7 положений рычага.
ВНИМАНИЕ: Перед тем, как сменить скорость, всегда отпускайте рычаг привода колес.

Движение вперед:
Снегоуборщик имеет 5 скоростей движения вперед (F), первая скорость – самая низкая.

Всегда отпускайте рычаг привода колес перед тем, как переключить скорость.
Движение назад:
Снегоуборщик имеет 2 скорости обратного хода (R), первая скорость – самая низкая.

",Incorrect by design,"Правда ли, что у снегоуборщика 7 скоростей вперед и 3 назад?","Нет, это неверно. У снегоуборщика 5 скоростей движения вперед и 2 скорости обратного хода."
Техническая документация,Инструкции по эксплуатации техники,android.pdf,"Smart Lock
Когда функция Smart Lock включена, устройство остается разблокированным все время, пока оно рядом с вами, например при распознавании лица или если оно подключено к часам по Bluetooth.",Simple,"Как работает функция Smart Lock?

","Когда функция Smart Lock включена, устройство остается разблокированным все время, пока оно рядом с пользователем, например, при распознавании лица или если оно подключено к часам по Bluetooth.
"
Техническая документация,Инструкции по эксплуатации техники,android.pdf,"Smart Lock
Когда функция Smart Lock включена, устройство остается разблокированным все время, пока оно рядом с вами, например при распознавании лица или если оно подключено к часам по Bluetooth.",With errors,"Как рабатает функия Smart Lok?

","Когда функция Smart Lock включена, устройство остается разблокированным все время, пока оно рядом с пользователем, например, при распознавании лица или если оно подключено к часам по Bluetooth.
"
Техническая документация,Инструкции по эксплуатации техники,android.pdf,"Smart Lock
Когда функция Smart Lock включена, устройство остается разблокированным все время, пока оно рядом с вами, например при распознавании лица или если оно подключено к часам по Bluetooth.",Trash,"Привет! У меня тут вопрос, а то не могу разобраться, а Smart Lock – это вообще безопасно? Он что, всегда разблокирован? Или там есть какие-то ограничения, типа по времени или геолокации? В инструкции что-то написано про Bluetooth и распознавание лиц, но я не понял.","Когда функция Smart Lock включена, устройство остается разблокированным все время, пока оно рядом с пользователем, например, при распознавании лица или если оно подключено к часам по Bluetooth.
"
Техническая документация,Инструкции по эксплуатации техники,android.pdf,"Smart Lock
Когда функция Smart Lock включена, устройство остается разблокированным все время, пока оно рядом с вами, например при распознавании лица или если оно подключено к часам по Bluetooth.",Reformulation,Какие условия позволяют телефону оставаться незаблокированным при активированной функции интеллектуальной разблокировки?,"Когда функция Smart Lock включена, устройство остается разблокированным все время, пока оно рядом с пользователем, например, при распознавании лица или если оно подключено к часам по Bluetooth.
"
Техническая документация,Инструкции по эксплуатации техники,android.pdf,"Smart Lock
Когда функция Smart Lock включена, устройство остается разблокированным все время, пока оно рядом с вами, например при распознавании лица или если оно подключено к часам по Bluetooth.",Incorrect by design,"Функция Smart Lock автоматически выключает Bluetooth, если рядом нет подключенных устройств?","Нет, Smart Lock не выключает Bluetooth. Напротив, если устройство подключено к часам по Bluetooth, оно остается разблокированным."
Техническая документация,Инструкции по эксплуатации техники,refrigerator.pdf,"А. Холодильная камера
Предназначена для хранения пищевых продуктов, не требующих замораживания, оснащена секциями для разных видов продуктов.

Панель управления.
Дверные полки.
Стеклянные полки.
Ящик для хранения.
Ящик с регулировкой уровня влажности и возможностью проверки температуры.
Полка для бутылок.
В. Морозильная камера
Предназначена для замораживания свежих пищевых продуктов и хранения замороженных в течение длительного времени.
7. Ящики для хранения.

Комплектация:
Холодильник — 1 шт.
Полка для бутылок — 1 шт.
Лоток для яиц — 2 шт.
Лоток для льда — 1 шт.
Гарантийный талон — 1 шт.
Руководство по эксплуатации — 1 шт.

",Simple,"Какие основные секции есть в холодильной и морозильной камерах?
","В холодильной камере есть панель управления, дверные полки, стеклянные полки, ящик для хранения, ящик с регулировкой уровня влажности и возможностью проверки температуры, полка для бутылок. В морозильной камере есть ящики для хранения."
Техническая документация,Инструкции по эксплуатации техники,refrigerator.pdf,"А. Холодильная камера
Предназначена для хранения пищевых продуктов, не требующих замораживания, оснащена секциями для разных видов продуктов.

Панель управления.
Дверные полки.
Стеклянные полки.
Ящик для хранения.
Ящик с регулировкой уровня влажности и возможностью проверки температуры.
Полка для бутылок.
В. Морозильная камера
Предназначена для замораживания свежих пищевых продуктов и хранения замороженных в течение длительного времени.
7. Ящики для хранения.

Комплектация:
Холодильник — 1 шт.
Полка для бутылок — 1 шт.
Лоток для яиц — 2 шт.
Лоток для льда — 1 шт.
Гарантийный талон — 1 шт.
Руководство по эксплуатации — 1 шт.

",With errors,"Какке основныё секцие присуствувуют в холадильной и марозильной камерах?
","В холодильной камере есть панель управления, дверные полки, стеклянные полки, ящик для хранения, ящик с регулировкой уровня влажности и возможностью проверки температуры, полка для бутылок. В морозильной камере есть ящики для хранения."
Техническая документация,Инструкции по эксплуатации техники,refrigerator.pdf,"А. Холодильная камера
Предназначена для хранения пищевых продуктов, не требующих замораживания, оснащена секциями для разных видов продуктов.

Панель управления.
Дверные полки.
Стеклянные полки.
Ящик для хранения.
Ящик с регулировкой уровня влажности и возможностью проверки температуры.
Полка для бутылок.
В. Морозильная камера
Предназначена для замораживания свежих пищевых продуктов и хранения замороженных в течение длительного времени.
7. Ящики для хранения.

Комплектация:
Холодильник — 1 шт.
Полка для бутылок — 1 шт.
Лоток для яиц — 2 шт.
Лоток для льда — 1 шт.
Гарантийный талон — 1 шт.
Руководство по эксплуатации — 1 шт.

",Trash,"Привет! У меня тут вопрос насчёт холодильника. Мне надо понять, какие там есть секции, потому что я пытаюсь организовать пространство для хранения продуктов. К тому же, у меня есть лоток для льда, не знаю, куда его поставить. Можешь перечислить, какие есть отделения в холодильной и морозильной камерах? Благодарю заранее!","В холодильной камере есть панель управления, дверные полки, стеклянные полки, ящик для хранения, ящик с регулировкой уровня влажности и возможностью проверки температуры, полка для бутылок. В морозильной камере есть ящики для хранения."
Техническая документация,Инструкции по эксплуатации техники,refrigerator.pdf,"А. Холодильная камера
Предназначена для хранения пищевых продуктов, не требующих замораживания, оснащена секциями для разных видов продуктов.

Панель управления.
Дверные полки.
Стеклянные полки.
Ящик для хранения.
Ящик с регулировкой уровня влажности и возможностью проверки температуры.
Полка для бутылок.
В. Морозильная камера
Предназначена для замораживания свежих пищевых продуктов и хранения замороженных в течение длительного времени.
7. Ящики для хранения.

Комплектация:
Холодильник — 1 шт.
Полка для бутылок — 1 шт.
Лоток для яиц — 2 шт.
Лоток для льда — 1 шт.
Гарантийный талон — 1 шт.
Руководство по эксплуатации — 1 шт.

",Reformulation,Как организовано пространство для хранения разных типов продуктов в различных отделениях холодильника?,"В холодильной камере есть панель управления, дверные полки, стеклянные полки, ящик для хранения, ящик с регулировкой уровня влажности и возможностью проверки температуры, полка для бутылок. В морозильной камере есть ящики для хранения."
Техническая документация,Инструкции по эксплуатации техники,refrigerator.pdf,"А. Холодильная камера
Предназначена для хранения пищевых продуктов, не требующих замораживания, оснащена секциями для разных видов продуктов.

Панель управления.
Дверные полки.
Стеклянные полки.
Ящик для хранения.
Ящик с регулировкой уровня влажности и возможностью проверки температуры.
Полка для бутылок.
В. Морозильная камера
Предназначена для замораживания свежих пищевых продуктов и хранения замороженных в течение длительного времени.
7. Ящики для хранения.

Комплектация:
Холодильник — 1 шт.
Полка для бутылок — 1 шт.
Лоток для яиц — 2 шт.
Лоток для льда — 1 шт.
Гарантийный талон — 1 шт.
Руководство по эксплуатации — 1 шт.

",Incorrect by design,В морозильной камере есть стеклянные полки и специальный отсек для бутылок?,"Нет, это неверно. В морозильной камере нет стеклянных полок и полки для бутылок. Она оснащена только ящиками для хранения замороженных продуктов."
Техническая документация,Инструкции по эксплуатации техники,microwave.pdf,"Внимание: жидкость или другая еда не должна разогреваться в герметически запаянных контейнерах, т.к. они могут взорваться",Simple,"Почему нельзя разогревать жидкость или другую еду в герметически запаянных контейнерах?
",Потому что они могут взорваться.
Техническая документация,Инструкции по эксплуатации техники,microwave.pdf,"Внимание: жидкость или другая еда не должна разогреваться в герметически запаянных контейнерах, т.к. они могут взорваться",With errors,"Почему нильзя разогреват жидкасть или другую еду в гермитически запаеных контейнерах?
",Потому что они могут взорваться.
Техническая документация,Инструкции по эксплуатации техники,microwave.pdf,"Внимание: жидкость или другая еда не должна разогреваться в герметически запаянных контейнерах, т.к. они могут взорваться",Trash,"Привет, я тут недавно купил контейнеры, и вот думаю, можно ли в них разогревать суп или, например, макароны? И вообще, есть ли какие-то ограничения, что в них можно, а что нельзя? Кто-то говорит, что можно, но мне кажется, что это небезопасно. Что думаете?","Жидкость или другая еда не должна разогреваться в герметически запаянных контейнерах, т.к. они могут взорваться."
Техническая документация,Инструкции по эксплуатации техники,microwave.pdf,"Внимание: жидкость или другая еда не должна разогреваться в герметически запаянных контейнерах, т.к. они могут взорваться",Reformulation,Какие опасности связаны с нагреванием пищи в закрытых емкостях?,"Они могут взорваться.

"
Техническая документация,Инструкции по эксплуатации техники,microwave.pdf,"Внимание: жидкость или другая еда не должна разогреваться в герметически запаянных контейнерах, т.к. они могут взорваться",Incorrect by design,"Можно ли безопасно разогревать суп в плотно закрытых контейнерах, чтобы сохранить его температуру дольше?","Нет, разогревать жидкость или другую еду в герметически запаянных контейнерах нельзя, так как они могут взорваться."
Техническая документация,Инструкции по эксплуатации техники,snowmobile.pdf,"Ручной подкачивающий насос
Ручной подкачивающий насос предназначен для заполнения топливной системы непосредственно перед пуском двигателя. Применение ручной подкачки топлива значительно облегчает пуск холодного двигателя при низких температурах.
На снегоходе установлен подкачивающий насос поршневого типа, который закреплен на приборном щитке. Чтобы заполнить топливную систему, необходимо несколько раз вытянуть и утопить ручку насоса.

",Simple,Какое назначение у ручного подкачивающего насоса?,"Ручной подкачивающий насос предназначен для заполнения топливной системы непосредственно перед пуском двигателя.

"
Техническая документация,Инструкции по эксплуатации техники,snowmobile.pdf,"Ручной подкачивающий насос
Ручной подкачивающий насос предназначен для заполнения топливной системы непосредственно перед пуском двигателя. Применение ручной подкачки топлива значительно облегчает пуск холодного двигателя при низких температурах.
На снегоходе установлен подкачивающий насос поршневого типа, который закреплен на приборном щитке. Чтобы заполнить топливную систему, необходимо несколько раз вытянуть и утопить ручку насоса.

",With errors,Какое назначене у ручного падкачевающево насоса?,"Ручной подкачивающий насос предназначен для заполнения топливной системы непосредственно перед пуском двигателя.

"
Техническая документация,Инструкции по эксплуатации техники,snowmobile.pdf,"Ручной подкачивающий насос
Ручной подкачивающий насос предназначен для заполнения топливной системы непосредственно перед пуском двигателя. Применение ручной подкачки топлива значительно облегчает пуск холодного двигателя при низких температурах.
На снегоходе установлен подкачивающий насос поршневого типа, который закреплен на приборном щитке. Чтобы заполнить топливную систему, необходимо несколько раз вытянуть и утопить ручку насоса.

",Trash,"Привет, у меня тут проблема с запуском снегохода на морозе. Я слышал, что есть какая-то штука, которая помогает топливу поступать в двигатель, особенно когда холодно. Не подскажете, как она называется и что вообще делает?
","Ручной подкачивающий насос предназначен для заполнения топливной системы непосредственно перед пуском двигателя. Применение ручной подкачки топлива значительно облегчает пуск холодного двигателя при низких температурах.
"
Техническая документация,Инструкции по эксплуатации техники,snowmobile.pdf,"Ручной подкачивающий насос
Ручной подкачивающий насос предназначен для заполнения топливной системы непосредственно перед пуском двигателя. Применение ручной подкачки топлива значительно облегчает пуск холодного двигателя при низких температурах.
На снегоходе установлен подкачивающий насос поршневого типа, который закреплен на приборном щитке. Чтобы заполнить топливную систему, необходимо несколько раз вытянуть и утопить ручку насоса.

",Reformulation,Каким способом можно обеспечить поступление топлива в систему перед запуском мотора?,"Для этого используется ручной подкачивающий насос, который предназначен для заполнения топливной системы непосредственно перед пуском двигателя.
"
Техническая документация,Инструкции по эксплуатации техники,snowmobile.pdf,"Ручной подкачивающий насос
Ручной подкачивающий насос предназначен для заполнения топливной системы непосредственно перед пуском двигателя. Применение ручной подкачки топлива значительно облегчает пуск холодного двигателя при низких температурах.
На снегоходе установлен подкачивающий насос поршневого типа, который закреплен на приборном щитке. Чтобы заполнить топливную систему, необходимо несколько раз вытянуть и утопить ручку насоса.

",Incorrect by design,"Правда ли, что на снегоходе установлен электрический топливный насос, который автоматически подает топливо перед запуском?","Нет, это неверно. На снегоходе установлен ручной подкачивающий насос поршневого типа, который закреплен на приборном щитке. Чтобы заполнить топливную систему, необходимо несколько раз вытянуть и утопить ручку насоса."
Техническая документация,Инструкции по эксплуатации техники,android.pdf,"Режим	Описание
Photo Sphere	Чтобы сделать сферический или широкоугольный снимок, поверните и наклоните камеру так, чтобы круг в центре экрана совпал с одной из синих точек. Сделайте снимки на всех точках и нажмите на галочку в нижней части экрана.
Панорама	Чтобы сделать панорамный снимок, перейдите в режим ""Панорама"". Найдите начальный кадр и нажмите на значок фотоаппарата, чтобы сделать первый снимок. Снимите остальные части панорамы, медленно поворачивая телефон вокруг своей оси и наводя объектив на серые точки. Когда кадр будет отснят, точка изменит цвет на синий. Перемещайте устройство до тех пор, пока все точки не станут синими. Затем нажмите на галочку внизу экрана.
Размытие	Перейдите в режим ""Размытие"", сделайте снимок, а затем медленно поднимите устройство, следуя инструкциям на экране.
Камера	Выберите режим ""Фото"", чтобы сделать обычный снимок.
Видео	Чтобы начать видеозапись, нажмите на кнопку в нижней части экрана. Повторное нажатие останавливает запись.",Table,"Какие шаги необходимо выполнить, чтобы сделать сферический снимок с помощью режима Photo Sphere?","Чтобы сделать сферический снимок в режиме Photo Sphere, необходимо повернуть и наклонить камеру так, чтобы круг в центре экрана совпал с одной из синих точек. Затем сделать снимки на всех точках и нажать на галочку в нижней части экрана.

"
Техническая документация,Инструкции по эксплуатации техники,android.pdf,"Режим	Описание
Photo Sphere	Чтобы сделать сферический или широкоугольный снимок, поверните и наклоните камеру так, чтобы круг в центре экрана совпал с одной из синих точек. Сделайте снимки на всех точках и нажмите на галочку в нижней части экрана.
Панорама	Чтобы сделать панорамный снимок, перейдите в режим ""Панорама"". Найдите начальный кадр и нажмите на значок фотоаппарата, чтобы сделать первый снимок. Снимите остальные части панорамы, медленно поворачивая телефон вокруг своей оси и наводя объектив на серые точки. Когда кадр будет отснят, точка изменит цвет на синий. Перемещайте устройство до тех пор, пока все точки не станут синими. Затем нажмите на галочку внизу экрана.
Размытие	Перейдите в режим ""Размытие"", сделайте снимок, а затем медленно поднимите устройство, следуя инструкциям на экране.
Камера	Выберите режим ""Фото"", чтобы сделать обычный снимок.
Видео	Чтобы начать видеозапись, нажмите на кнопку в нижней части экрана. Повторное нажатие останавливает запись.",Table,"Что произойдет с точками на экране при создании панорамного снимка?

","При создании панорамного снимка серые точки изменят цвет на синий после того, как кадр будет отснят. Необходимо перемещать устройство до тех пор, пока все точки не станут синими.







"
Техническая документация,Инструкции по эксплуатации техники,refrigerator.pdf,"Климатический класс	Температура окружающей среды
SN	От +10 до +32 ˚С
N	От +16 до +32 ˚С
ST	От +16 до +38 ˚С
T	От +16 до +43 ˚С",Table,"Какой климатический класс соответствует самому широкому диапазону температур?

","Климатический класс T, так как он охватывает температуры от +16 до +43 ˚С.

"
Техническая документация,Инструкции по эксплуатации техники,refrigerator.pdf,"Климатический класс	Температура окружающей среды
SN	От +10 до +32 ˚С
N	От +16 до +32 ˚С
ST	От +16 до +38 ˚С
T	От +16 до +43 ˚С",Table,"Какой минимальный температурный порог установлен для класса SN, и чем он отличается от других классов?


","Минимальный температурный порог для класса SN составляет +10 ˚С, что ниже, чем у всех остальных классов, где минимальная температура начинается с +16 ˚С.







"
Техническая документация,Инструкции по эксплуатации техники,refrigerator.pdf,"Код ошибки	Область повреждения
F2	Датчик нижнего ящика
F3	Датчик в холодильной камере
F4	Датчик в морозильной камере
F5	Датчик размораживания
2E	Вентилятор/мотор морозильной камеры
CE	Соединение между панелью управления и индикатором температуры",Table,Какой код ошибки указывает на неисправность датчика в морозильной камере?,F4
Техническая документация,Инструкции по эксплуатации техники,refrigerator.pdf,"Код ошибки	Область повреждения
F2	Датчик нижнего ящика
F3	Датчик в холодильной камере
F4	Датчик в морозильной камере
F5	Датчик размораживания
2E	Вентилятор/мотор морозильной камеры
CE	Соединение между панелью управления и индикатором температуры",Table,Какая область повреждения соответствует коду ошибки 2E?,Вентилятор/мотор морозильной камеры
Техническая документация,Инструкции по эксплуатации техники,microwave.pdf,"Модель: MBMO.20.2PGB, MBMO.20.2PGW, MBMO.20.XXXX
Нормальное напряжение: 230 В ~ 50 Гц
Нормальная входная мощность (микроволновая): 1250 Вт
Нормальная выходная мощность (микроволновая): 800 Вт
Нормальная входная мощность (гриль): 1000 Вт
Объем печи: 20 л
Диаметр крутящегося поддона: 245 мм
Внешние размеры (Длина х Глубина х Высота): 595x343,5x388 мм
Вес нетто: Приблизительно 15 кг",Table,"Какова нормальная входная и выходная мощность в режиме микроволновой печи?

","Нормальная входная мощность в режиме микроволновой печи составляет 1250 Вт, а выходная — 800 Вт.

"
Техническая документация,Инструкции по эксплуатации техники,microwave.pdf,"Модель: MBMO.20.2PGB, MBMO.20.2PGW, MBMO.20.XXXX
Нормальное напряжение: 230 В ~ 50 Гц
Нормальная входная мощность (микроволновая): 1250 Вт
Нормальная выходная мощность (микроволновая): 800 Вт
Нормальная входная мощность (гриль): 1000 Вт
Объем печи: 20 л
Диаметр крутящегося поддона: 245 мм
Внешние размеры (Длина х Глубина х Высота): 595x343,5x388 мм
Вес нетто: Приблизительно 15 кг",Table,"Каковы размеры устройства и его приблизительный вес?

","Внешние размеры устройства составляют 595x343,5x388 мм, а приблизительный вес — 15 кг.


"
Техническая документация,Инструкции по эксплуатации техники,microwave.pdf,"Схема мощности СВЧ
Режимы мощности	Мощность СВЧ	Рекомендуемые блюда для приготовления
Низкая	17%	Мягкое мороженое
Умеренно низкая (размораживание)	33%	Суп-пюре, мягкое масло или размораживание
Средняя	55%	Тушёные блюда, рыба
Умеренно высокая	77%	Рис, рыба, курица, мясные котлеты
Высокая	100%	Разогревание молока",Table,"Какие блюда можно приготовить при мощности 77% микроволн?
","Рис, рыба, курица, мясные котлеты."
Техническая документация,Инструкции по эксплуатации техники,microwave.pdf,"Схема мощности СВЧ
Режимы мощности	Мощность СВЧ	Рекомендуемые блюда для приготовления
Низкая	17%	Мягкое мороженое
Умеренно низкая (размораживание)	33%	Суп-пюре, мягкое масло или размораживание
Средняя	55%	Тушёные блюда, рыба
Умеренно высокая	77%	Рис, рыба, курица, мясные котлеты
Высокая	100%	Разогревание молока",Table,Какой режим мощности СВЧ рекомендуется для размораживания продуктов?,Умеренно низкая (33% микроволн).
Техническая документация,Инструкции по эксплуатации техники,snowmobile.pdf,"Вид технического обслуживания	Периодичность проведения
Ежедневное техническое обслуживание (ЕО)	Перед выездом и после возвращения из поездки
Техническое обслуживание после обкатки	После пробега (300±50 км)
ТО-1	Через каждые (1000±50 км) пробега
ТО-2	Через каждые (2000±50 км) пробега
СО	При вводе в эксплуатацию после хранения",Table,Как часто проводится первое периодическое техническое обслуживание транспортного средства?,Первое периодическое техническое обслуживание (ТО-1) проводится через каждые (1000±50 км) пробега.
Техническая документация,Инструкции по эксплуатации техники,snowmobile.pdf,"Вид технического обслуживания	Периодичность проведения
Ежедневное техническое обслуживание (ЕО)	Перед выездом и после возвращения из поездки
Техническое обслуживание после обкатки	После пробега (300±50 км)
ТО-1	Через каждые (1000±50 км) пробега
ТО-2	Через каждые (2000±50 км) пробега
СО	При вводе в эксплуатацию после хранения",Table,В каких случаях выполняется ежедневное техническое обслуживание?,Ежедневное техническое обслуживание (ЕО) проводится перед выездом и после возвращения из поездки.
Техническая документация,Инструкции по эксплуатации техники,refrigerator.pdf,"Продукты	Длительность хранения (в месяцах)
Бекон, запеканки, молоко	1
Хлеб, мороженое, сосиски, пироги, готовые моллюски, жирная рыба	2
Нежирная рыба, моллюски, пицца, булочки и маффины	3
Ветчина, пирожные, печенье, отбивные из говядины и баранины, кусочки птицы	4
Сливочное масло, овощи (бланшированные), яйца целиком и желтки, вареные раки, мясной фарш (сырой), свинина (сырая)	6
Фрукты (сухие или в сиропе), яичные белки, говядина (сырая), курица целиком, баранина (сырая), фруктовые пирожные	12",Table,"Какой срок хранения у хлеба и жирной рыбы?

",2 месяца.
Техническая документация,Инструкции по эксплуатации техники,refrigerator.pdf,"Продукты	Длительность хранения (в месяцах)
Бекон, запеканки, молоко	1
Хлеб, мороженое, сосиски, пироги, готовые моллюски, жирная рыба	2
Нежирная рыба, моллюски, пицца, булочки и маффины	3
Ветчина, пирожные, печенье, отбивные из говядины и баранины, кусочки птицы	4
Сливочное масло, овощи (бланшированные), яйца целиком и желтки, вареные раки, мясной фарш (сырой), свинина (сырая)	6
Фрукты (сухие или в сиропе), яичные белки, говядина (сырая), курица целиком, баранина (сырая), фруктовые пирожные	12",Table,"Какие продукты можно хранить в течение года?

","Фрукты (сухие или в сиропе), яичные белки, говядина (сырая), курица целиком, баранина (сырая), фруктовые пирожные."
Техническая документация,Инструкции по эксплуатации техники,snow_plow.pdf,,No info,"Какие основные технические характеристики снегоуборочной машины, используемой в аэропортах для очистки взлетно-посадочных полос?",В документах нет информации для ответа на этот вопрос.
Техническая документация,Инструкции по эксплуатации техники,android.pdf,,No info,"Какие новые функции были добавлены в Android 6.0 Marshmallow, и как они улучшили пользовательский опыт по сравнению с Android 5.0 Lollipop?",В документах нет информации для ответа на этот вопрос.
Техническая документация,Инструкции по эксплуатации техники,refrigerator.pdf,,No info,"Какие меры безопасности необходимо соблюдать при использовании холодильника в условиях повышенной влажности, например, в тропическом климате?",В документах нет информации для ответа на этот вопрос.
Техническая документация,Инструкции по эксплуатации техники,microwave.pdf,,No info,"Какие меры безопасности необходимо соблюдать при использовании микроволновой печи для разогрева детского питания, и как проверить температуру пищи перед кормлением ребенка?",В документах нет информации для ответа на этот вопрос.
Техническая документация,Инструкции по эксплуатации техники,microwave.pdf,,No info,"Какие шаги необходимо предпринять для калибровки температуры в микроволновой печи, чтобы обеспечить равномерный нагрев пищи?",В документах нет информации для ответа на этот вопрос.
Техническая документация,Инструкции по эксплуатации техники,snowmobile.pdf,,No info,"Какие меры безопасности необходимо соблюдать при эксплуатации снегохода в условиях высокогорья, где высота превышает 1200 метров над уровнем моря?",В документах нет информации для ответа на этот вопрос.
Техническая документация,Инструкции по эксплуатации техники,snow_plow.pdf,"Проверить наличие топлива в топливном баке и уровень масла в двигателе.
Необходимо убедиться, что рычаги привода колес и шнека не нажать! (не заблокированы).

Каждый раз перед запуском снегоуборщика проверяйте уровень масла в двигателе.
ПРИМЕЧАНИЕ: Хотя несинтетические зимние масла (5W30, 10W30 и др.) облегчают запуск
двигателя в холодных условиях, их расход достаточно велик, особенно во время работы при
температуре выше 0°
Рекомендуется чаще проверять уровень масла в двигателе при использовании
несинтетических зимних масел.
1. Ровно расположите двигатель и проверьте уровень масла по щупу – он должен
соответствовать отметке FULL",Multi block,"Какие действия необходимо выполнить перед запуском снегоуборщика, чтобы избежать повреждения двигателя и обеспечить безопасность?","Перед запуском снегоуборщика необходимо убедиться, что рычаги привода колес и шнека не нажаты (не заблокированы), а также проверить уровень масла в двигателе."
Техническая документация,Инструкции по эксплуатации техники,snow_plow.pdf,"ВНИМАНИЕ: Не рекомендуется работать со снегоуборщиком на гравийной поверхности, так как мелкие камни, попадая в шнек, могут быть отброшены в пользователя, нанеся травму ему или повредить сам снегоуборщик.

При очистке снега на гравийных и щебеночных поверхностях, направляющие салазки следует установить в самом высоком положении, тем самым, обеспечив максимальный зазор между подрезающим ножом и землей.

",Multi block,Какие меры безопасности необходимо соблюдать при работе со снегоуборщиком на гравийной поверхности?,"При работе на гравийной поверхности необходимо установить направляющие салазки в самое высокое положение, чтобы обеспечить максимальный зазор между землей и подрезным ножом, и избегать работы на такой поверхности, если это возможно."
Техническая документация,Инструкции по эксплуатации техники,snow_plow.pdf,"Регулировка направления выброса снега:
Слева расположен рычаг управления желобом, который позволяет менять направление разгрузки снега. Никогда не направляйте желоб в сторону, где находятся люди, животные, автомобили и здания.

2. Поверните желоб в желаемое положение (в сторону от прохожих и расположенных рядом зданий).",Double ,Какие действия необходимо выполнить для регулировки направления выброса снега и как это влияет на работу снегоуборщика?,"Для регулировки направления выброса снега используется рычаг управления желобом, который позволяет менять направление разгрузки снега. Никогда не направляйте желоб в сторону, где находятся люди, животные, автомобили и здания."
Техническая документация,Инструкции по эксплуатации техники,android.pdf,"СОВЕТ. Чтобы быстро поделиться скриншотом с помощью Gmail, Google+ или другого приложения, откройте ""Фото"", выберите скриншот и нажмите на значок в нижней части экрана. Если вы хотите отредактировать скриншот, нажмите на значок. Удалить файл можно, нажав . На устройствах Google Play Edition значок ""Поделиться"" выглядит как .

Чтобы изменить параметры голосового ввода, нажмите Настройки > Язык и ввод.

",Double ,"Как можно быстро поделиться скриншотом, сделанным на устройстве Nexus, и где можно найти настройки для изменения параметров голосового ввода?","Чтобы быстро поделиться скриншотом, можно открыть приложение ""Фото"", выбрать скриншот и нажать на значок ""Поделиться"". Настройки для изменения параметров голосового ввода можно найти в разделе Настройки > Язык и ввод."
Техническая документация,Инструкции по эксплуатации техники,android.pdf,"Вы можете создать неограниченное количество экранов, которые будут находиться справа от основного. Чтобы добавить новый экран, пролистайте существующие экраны вправо до конца и перетащите приложение или виджет к правому краю экрана.

Чтобы изменить параметры непрерывного ввода, нажмите Настройки > Язык и ввод > Клавиатура Google > Непрерывный ввод.",Double ,"Как можно добавить новый экран на главный экран устройства Nexus и как включить функцию ""Непрерывный ввод"" на клавиатуре?","Чтобы добавить новый экран на главный экран устройства Nexus, нужно пролистать существующие экраны вправо до конца и перетащить приложение или виджет к правому краю экрана. Функцию ""Непрерывный ввод"" можно включить в разделе Настройки > Язык и ввод > Клавиатура Google > Непрерывный ввод."
Техническая документация,Инструкции по эксплуатации техники,android.pdf,"Уведомления приложений. Вы можете установить собственные настройки уведомлений для отдельных приложений, например Gmail. Настройки раздела На заблокированном экране имеют приоритет перед настройками, установленными для отдельных приложений.

Спящий режим. Здесь можно изменить время, по истечении которого экран погаснет и устройство перейдет в спящий режим. Эта функция действует, когда устройство не используется.",Multi block,"Как можно изменить настройки уведомлений для отдельных приложений и какую функцию нужно включить, чтобы устройство автоматически переходило в спящий режим через определенное время?","Чтобы изменить настройки уведомлений для отдельных приложений, нужно перейти в Настройки > Звуки и уведомления и настроить уведомления для каждого приложения. Чтобы устройство автоматически переходило в спящий режим через определенное время, нужно настроить параметр Спящий режим в настройках экрана."
Техническая документация,Инструкции по эксплуатации техники,refrigerator.pdf,"Хладагент изобутан (R600a) содержится внутри контура циркуляции хладагента. Это природный газ с высоким уровнем экологической совместимости, который тем не менее может воспламениться. Во время транспортировки и установки устройства удостоверьтесь, что ни один из компонентов контура хладагента не был поврежден.

Перед тем как утилизировать отслужившее изделие приведите его в нерабочее состояние, чтобы оно не представляло опасность. Для этого отсоедините холодильник от сети питания и обрежьте кабель питания. Для защиты окружающей среды важно, чтобы старые приборы утилизировались надлежащим образом.",Double ,"Какой хладагент используется в холодильнике MILLEN, и какие меры предосторожности необходимо соблюдать при его утилизации?","В холодильнике MILLEN используется хладагент изобутан (R600a), который может воспламениться. При утилизации необходимо отсоединить холодильник от сети питания и обрезать кабель питания, чтобы предотвратить опасность."
Техническая документация,Инструкции по эксплуатации техники,refrigerator.pdf,"Храните сырые мясо и рыбу в подходящих контейнерах, чтобы с них не капала жидкость и они не соприкасались с другими продуктами.

Следите за чистотой уплотнителя дверцы. Он может прилипать к корпусу и порваться при открытии дверцы из-за липких следов от продуктов и напитков. Очистите уплотнитель с применением мягкого моющего средства и теплой воды. Вытрите насухо после очистки.",Multi block,"Как правильно хранить сырые мясо и рыбу в холодильной камере, чтобы избежать загрязнения других продуктов, и какие меры предосторожности необходимо соблюдать при очистке уплотнителя дверцы?","Сырые мясо и рыбу следует хранить в герметичных контейнерах, чтобы избежать попадания жидкости на другие продукты. При очистке уплотнителя дверцы используйте мягкое моющее средство и теплую воду, затем тщательно высушите его, чтобы предотвратить повреждение."
Техническая документация,Инструкции по эксплуатации техники,microwave.pdf,"Чтобы задняя панель корпуса микроволновой печи всегда находилась на достаточном расстоянии от стены, необходимо установить ограничители. Должно быть расстояние в 10 см от стены, 15 см с боковых сторон от других предметов, 30 см в высоту от других предметов.

Наполните надежный контейнер 1 стаканом холодной воды (250 мл) вместе с исследуемой посудой.
Подогрейте его на максимальной мощности в течение 1 минуты.
Осторожно дотроньтесь до посуды. Если пустая посуда теплая, не используйте ее для приготовления в печи.",Double ,"Какие минимальные расстояния должны соблюдаться при установке микроволновой печи, и как проверить, подходит ли посуда для использования в микроволновке?","Минимальные расстояния при установке микроволновой печи: 10 см от стены, 15 см с боковых сторон от других предметов, 30 см в высоту от других предметов. Чтобы проверить, подходит ли посуда для микроволновки, нужно наполнить контейнер 1 стаканом холодной воды вместе с исследуемой посудой, подогреть на максимальной мощности в течение 1 минуты и проверить, не нагрелась ли пустая посуда."
Техническая документация,Инструкции по эксплуатации техники,microwave.pdf,"Материалы, которые нельзя использовать в микроволновой печи:
Алюминиевый поднос
Металлическая посуда или посуда с металлическим обрамлением
Бумажные пакетики
Пенопласт

Нормальная входная мощность (микроволновая): 1250 Вт
",Double ,"Какие материалы нельзя использовать в микроволновой печи, и какова нормальная входная мощность микроволнового режима?","В микроволновой печи нельзя использовать алюминиевые подносы, металлическую посуду, бумажные пакетики и пенопласт. Нормальная входная мощность микроволнового режима составляет 1250 Вт.

"
Техническая документация,Инструкции по эксплуатации техники,microwave.pdf,"Не включайте микроволновый режим, если внутри печи нет продуктов, это может вызвать повреждение устройства.
Не допускается блокировать вентиляционные отверстия на верхней, задней и боковых поверхностях корпуса.

Нормальная входная мощность (гриль): 1000 Вт

",Multi block,"Какие меры предосторожности необходимо соблюдать при использовании микроволновой печи, и какова нормальная входная мощность гриля?","Нельзя включать микроволновую печь без продуктов, использовать металлическую посуду или блокировать вентиляционные отверстия. Нормальная входная мощность гриля составляет 1000 Вт."
Техническая документация,Инструкции по эксплуатации техники,snowmobile.pdf,"Для проверки и регулировки натяжения и центрирования гусениц:
– поднимите и закрепите снегоход так, чтобы гусеницы могли свободно проворачиваться;
– проверьте натяжение гусениц. Для снегоходов БУРАН А, АЕ, АТЕ расстояние Н (рис. 22) между внутренней поверхностью верхней ветви гусеницы и нижней поверхностью угольника рамы у второго кронштейна крепления катков балансиров впереди по ходу снегохода должно быть 55...65 мм, а для снегоходов БУРАН АД, АДЕ, АДТЕ — 60...70 мм.

При езде по глубокому рыхлому снегу натяжение уменьшают переводом концов пружин в задние прорези гребенок, а при езде по плотно утрамбованному снегу концы пружин переводят в передние прорези, тем самым увеличивая натяжение гусениц.",Double ,Какие действия необходимо выполнить для регулировки натяжения гусениц и как это связано с состоянием снежного покрова?,"Для регулировки натяжения гусениц необходимо поднять и закрепить снегоход, чтобы гусеницы могли свободно проворачиваться, и проверить расстояние между внутренней поверхностью верхней ветви гусеницы и нижней поверхностью угольника рамы. В зависимости от состояния снежного покрова, натяжение гусениц регулируется переводом концов пружин в задние или передние прорези гребенок: для глубокого рыхлого снега натяжение уменьшают, а для плотно утрамбованного снега — увеличивают."
Техническая документация,Инструкции по эксплуатации техники,snowmobile.pdf,"Пуск холодного двигателя от электростартера рекомендуется производить при температуре окружающего воздуха до минус 25 °С, при более низких температурах – если температура электролита в аккумуляторной батарее не ниже минус 20 °С. Рекомендуется перед пуском включить на несколько секунд фару для прогрева электролита аккумулятора.

Если на Вашем снегоходе имеется рычаг топливного корректора (рисунок 11), переведите его в положение ""1"" и запустите двигатель. Как только двигатель начнет работать, переведите рычаг топливного корректора в положение ""0"".
Примечание – При очень низкой отрицательной температуре окружающего воздуха (ниже минус 20 °С) может потребоваться несколько раз перевести рычаг топливного корректора из положения ""0"" в положение ""1"" до тех пор, пока двигатель не начнет устойчиво работать на холостом ходу.",Multi block,"Какие меры предосторожности необходимо соблюдать при пуске холодного двигателя, как это связано с температурой окружающего воздуха?","При пуске холодного двигателя рекомендуется использовать электростартер при температуре окружающего воздуха до минус 25 °С, а при более низких температурах — только если температура электролита в аккумуляторе не ниже минус 20 °С. Перед пуском следует включить фару для прогрева электролита. Также необходимо перевести рычаг топливного корректора в положение ""1"" для обогащения смеси, а после запуска двигателя вернуть его в положение ""0"". При очень низких температурах может потребоваться несколько раз переключать рычаг корректора для устойчивой работы двигателя."
Техническая документация,Инструкции по эксплуатации техники,snowmobile.pdf,"Для регулировки натяжения цепи:
– выверните фиксирующий болт натяжного устройства и снимите резиновую крышку смотрового окна;
– поставьте рычаг управления коробкой реверса в положение ""Вперед"";
– разворотом диска ведомого шкива против часовой стрелки до упора натяните цепь, разворотом диска по часовой стрелке – расслабьте. Разность указанных положений цепи должна составлять 1...7 мм (рис. 21);
– вращением эксцентриковой оси натяжной звездочки установите требуемый прогиб цепи. Найденное положение оси зафиксируйте болтом.

Натяжение цепи можно проверить по люфту ведомого шкива вариатора. Включите передачу «вперед». Замеренный по наружному диаметру ведомого шкива люфт должен составлять 20…40 мм.",Multi block,"Какие действия необходимо выполнить для проверки и регулировки натяжения цепи коробки реверса, как это связано с люфтом ведомого шкива вариатора?

","Для проверки и регулировки натяжения цепи коробки реверса необходимо вывернуть фиксирующий болт натяжного устройства, снять резиновую крышку смотрового окна и установить рычаг управления коробкой реверса в положение ""Вперед"". Затем, разворачивая диск ведомого шкива против часовой стрелки, натяните цепь, а по часовой стрелке — расслабьте. Разность положений цепи должна быть 1...7 мм. Натяжение цепи также можно проверить по люфту ведомого шкива вариатора, который должен составлять 20…40 мм при включенной передаче ""вперед""."
Техническая документация,Инструкции по эксплуатации техники,snowmobile.pdf,"Помните, что самостоятельная переделка и замена фирменных деталей на другие снижает эксплуатационную безопасность. Не допускайте также внесения в конструкцию снегохода каких-либо изменений с целью его эксплуатации в летний период.",Logical thinking,"Можно ли использовать снегоход БУРАН в летний период?

","Нет, снегоход БУРАН не предназначен для эксплуатации в летний период. Внесение изменений в конструкцию для этого не рекомендуется, так как это может снизить безопасность эксплуатации."
Техническая документация,Инструкции по эксплуатации техники,snowmobile.pdf,"Если Вы везете пассажира, то Вы должны предварительно объяснить ему основные правила безопасности при езде на снегоходе. Проинструктируйте пассажира о необходимости крепко держаться за рукоятки. Неожиданный ухаб на трассе движения может привести к падению пассажира со снегохода.",Logical thinking,Можно ли использовать снегоход БУРАН для перевозки пассажиров без дополнительных мер предосторожности?,"Нет, перевозка пассажиров на снегоходе БУРАН требует дополнительных мер предосторожности. Водитель должен проинструктировать пассажира о правилах безопасности, включая необходимость крепко держаться за рукоятки, чтобы избежать падения."
Техническая документация,Инструкции по эксплуатации техники,snow_plow.pdf,"Не рекомендуется работать со снегоуборщиком на гравийной поверхности, так как мелкие камни, попадая в шнек, могут быть отброшены в пользователя, нанеся травму последнему или повредить сам снегоуборщик. Если по каким-то причинам Вам предстоит работать на гравийной поверхности, салазки следует установить в самом высоком положении, тем самым, обеспечив максимальный зазор между землей и подрезным ножом.",Logical thinking,Можно ли использовать снегоуборщик на гравийной поверхности?,"Использовать снегоуборщик на гравийной поверхности не рекомендуется, но если это необходимо, следует установить салазки в самое высокое положение, чтобы минимизировать риск повреждения и травм."
Техническая документация,Инструкции по эксплуатации техники,android.pdf,"Некоторые языки также поддерживают голосовой ввод знаков препинания. Просто скажите 'запятая', 'точка', 'вопросительный знак' или 'восклицательный знак'. Эти команды сработают на английском, испанском, итальянском, немецком, русском и французском языке.",Logical thinking,Можно ли использовать голосовой ввод для ввода текста на русском языке?,"Да, голосовой ввод поддерживает русский язык. Вы можете использовать голосовой ввод для ввода текста на русском языке, а также для добавления знаков препинания, таких как запятая, точка, вопросительный и восклицательный знаки."
Техническая документация,Инструкции по эксплуатации техники,android.pdf,"Чтобы одолжить свое устройство человеку, для которого не нужно создавать профиль пользователя, воспользуйтесь режимом 'Гость'. Гостевой режим блокирует доступ к вашим приложениям и электронной почте, а также материалам, связанным с вашим аккаунтом, например фотографиям и скачанным файлам.",Logical thinking,"Можно ли использовать режим ""Гость"" для временного доступа к устройству без предоставления доступа к личным данным?","Да, режим ""Гость"" можно использовать для временного доступа к устройству без предоставления доступа к личным данным. Этот режим блокирует доступ к вашим приложениям, электронной почте и другим материалам, связанным с вашим аккаунтом. После завершения гостевого сеанса можно вернуться к своему профилю."
Техническая документация,Инструкции по эксплуатации техники,microwave.pdf,"Настоятельно рекомендуем использовать посуду и контейнеры пригодные для использования в микроволновой печи. Это контейнеры, сделанные из термостойкой керамики, стекла или пластика. Не используйте металлическую посуду для приготовления или разогрева пищи в микроволновой печи, это может вызвать появление искр.",Logical thinking,Можно ли использовать металлическую посуду в микроволновой печи Maunfeld?,"Нет, металлическую посуду использовать в микроволновой печи Maunfeld нельзя. Это может привести к появлению искр и повреждению устройства. Рекомендуется использовать посуду из термостойкой керамики, стекла или пластика."
Техническая документация,Инструкции по эксплуатации техники,refrigerator.pdf,"Холодильник не предназначен для хранения и охлаждения медикаментов, плазмы крови, лабораторных препаратов и других подобных материалов и продуктов, обозначенных в директиве по медицинским продуктам.",Logical thinking,"Можно ли использовать холодильник MILLEN для хранения медицинских препаратов, таких как вакцины или лекарства?","Нет, холодильник MILLEN не предназначен для хранения медицинских препаратов, таких как вакцины или лекарства. В руководстве четко указано, что он не подходит для хранения медикаментов, плазмы крови и других медицинских материалов."