Домен документов,Сет документов,Название документа,Отрывок из документа,Тип вопроса,Вопрос,Ответ
Финансовые документы,Аналитические отчеты,centralbank2.pdf,"Доходы федерального бюджета выросли незначительно (на 4,7% в годовом выражении), достигнув 29,1 трлн рублей (17,0% ВВП). При этом падение нефтегазовых поступлений (на 23,9% в годовом выражении) компенсировалось увеличением ненефтегазовых доходов (на 25% в годовом выражении). Помимо разовых поступлений, поддержку ненефтегазовым доходам оказали быстрое восстановление импорта (в части НДС и акцизов на импорт, ввозных пошлин), автомобильного рынка (в части утилизационного сбора и акцизов на автомобили) и усиление дефицита кадров на рынке труда, которое привело к сильному росту фонда оплаты труда, подлежащего обложению НДФЛ по повышенной ставке 15%.",Simple,Какие факторы способствовали росту ненефтегазовых доходов федерального бюджета?,"Росту ненефтегазовых доходов способствовали разовые поступления, восстановление импорта (увеличение НДС, акцизов на импорт и ввозных пошлин), рост автомобильного рынка (утилизационный сбор и акцизы на автомобили), а также дефицит кадров, приведший к увеличению фонда оплаты труда, облагаемого НДФЛ по ставке 15%."
Финансовые документы,Аналитические отчеты,centralbank2.pdf,"Доходы федерального бюджета выросли незначительно (на 4,7% в годовом выражении), достигнув 29,1 трлн рублей (17,0% ВВП). При этом падение нефтегазовых поступлений (на 23,9% в годовом выражении) компенсировалось увеличением ненефтегазовых доходов (на 25% в годовом выражении). Помимо разовых поступлений, поддержку ненефтегазовым доходам оказали быстрое восстановление импорта (в части НДС и акцизов на импорт, ввозных пошлин), автомобильного рынка (в части утилизационного сбора и акцизов на автомобили) и усиление дефицита кадров на рынке труда, которое привело к сильному росту фонда оплаты труда, подлежащего обложению НДФЛ по повышенной ставке 15%.",With errors,"Какие факторы спосибоствовали росту ненефтегазовых доходов фед. бюджэта? Там были какие-то разовие поступленья, импорт и машины?","Росту ненефтегазовых доходов способствовали разовые поступления, восстановление импорта (увеличение НДС, акцизов на импорт и ввозных пошлин), рост автомобильного рынка (утилизационный сбор и акцизы на автомобили), а также дефицит кадров, приведший к увеличению фонда оплаты труда, облагаемого НДФЛ по ставке 15%."
Финансовые документы,Аналитические отчеты,centralbank2.pdf,"Доходы федерального бюджета выросли незначительно (на 4,7% в годовом выражении), достигнув 29,1 трлн рублей (17,0% ВВП). При этом падение нефтегазовых поступлений (на 23,9% в годовом выражении) компенсировалось увеличением ненефтегазовых доходов (на 25% в годовом выражении). Помимо разовых поступлений, поддержку ненефтегазовым доходам оказали быстрое восстановление импорта (в части НДС и акцизов на импорт, ввозных пошлин), автомобильного рынка (в части утилизационного сбора и акцизов на автомобили) и усиление дефицита кадров на рынке труда, которое привело к сильному росту фонда оплаты труда, подлежащего обложению НДФЛ по повышенной ставке 15%.",Trash,"Здравствуйте, у меня проблема с интернет-банком, не могу войти в личный кабинет. Кстати, в новостях читал, что доходы бюджета как-то связаны с автомобилями и налогами. Можете объяснить, из-за чего именно выросли ненефтегазовые доходы? И еще: как сбросить пароль?","Росту ненефтегазовых доходов способствовали разовые поступления, восстановление импорта (увеличение НДС, акцизов на импорт и ввозных пошлин), рост автомобильного рынка (утилизационный сбор и акцизы на автомобили), а также дефицит кадров, приведший к увеличению фонда оплаты труда, облагаемого НДФЛ по ставке 15%."
Финансовые документы,Аналитические отчеты,centralbank2.pdf,"Доходы федерального бюджета выросли незначительно (на 4,7% в годовом выражении), достигнув 29,1 трлн рублей (17,0% ВВП). При этом падение нефтегазовых поступлений (на 23,9% в годовом выражении) компенсировалось увеличением ненефтегазовых доходов (на 25% в годовом выражении). Помимо разовых поступлений, поддержку ненефтегазовым доходам оказали быстрое восстановление импорта (в части НДС и акцизов на импорт, ввозных пошлин), автомобильного рынка (в части утилизационного сбора и акцизов на автомобили) и усиление дефицита кадров на рынке труда, которое привело к сильному росту фонда оплаты труда, подлежащего обложению НДФЛ по повышенной ставке 15%.",Reformulation,Какие изменения в экономике позволили компенсировать снижение поступлений от традиционных ресурсов?,"Компенсацию снижения нефтегазовых доходов обеспечили рост ненефтегазовых поступлений за счет восстановления импорта, развития автомобильного рынка, разовых выплат и увеличения налоговых отчислений с зарплат из-за дефицита кадров."
Финансовые документы,Аналитические отчеты,centralbank2.pdf,"Доходы федерального бюджета выросли незначительно (на 4,7% в годовом выражении), достигнув 29,1 трлн рублей (17,0% ВВП). При этом падение нефтегазовых поступлений (на 23,9% в годовом выражении) компенсировалось увеличением ненефтегазовых доходов (на 25% в годовом выражении). Помимо разовых поступлений, поддержку ненефтегазовым доходам оказали быстрое восстановление импорта (в части НДС и акцизов на импорт, ввозных пошлин), автомобильного рынка (в части утилизационного сбора и акцизов на автомобили) и усиление дефицита кадров на рынке труда, которое привело к сильному росту фонда оплаты труда, подлежащего обложению НДФЛ по повышенной ставке 15%.",Incorrect by design,Почему рост нефтегазовых доходов стал главным драйвером увеличения бюджета в 2023 году?,"Исправление: Вопрос содержит ошибку: нефтегазовые доходы не росли, а сократились на 23,9%. Рост бюджета обеспечили ненефтегазовые доходы.
Истинный ответ: Главным драйвером стали ненефтегазовые доходы, выросшие на 25% за счет восстановления импорта, роста автомобильного рынка, разовых поступлений и увеличения налогообложения зарплат из-за дефицита кадров."
Финансовые документы,Аналитические отчеты,centralbank2.pdf,"В 2023 году разработанный при участии Банка России Федеральный закон №132-ФЗ продлил предоставление кредитных каникул гражданам с сократившимися доходами и предпринимателям из наиболее пострадавших отраслей. Кредиторы продолжали реструктурировать задолженность и по своим собственным программам. Всего в 2023 году было реструктурировано почти 870 тыс. кредитов и займов граждан на общую сумму 454 млрд рублей, а также 17,4 тыс. кредитов субъектов МСП на общую сумму более 509 млрд рублей.",Simple,"Какой федеральный закон, разработанный при участии Банка России, продлил предоставление кредитных каникул в 2023 году?",Федеральный закон №132-ФЗ.
Финансовые документы,Аналитические отчеты,centralbank2.pdf,"В 2023 году разработанный при участии Банка России Федеральный закон №132-ФЗ продлил предоставление кредитных каникул гражданам с сократившимися доходами и предпринимателям из наиболее пострадавших отраслей. Кредиторы продолжали реструктурировать задолженность и по своим собственным программам. Всего в 2023 году было реструктурировано почти 870 тыс. кредитов и займов граждан на общую сумму 454 млрд рублей, а также 17,4 тыс. кредитов субъектов МСП на общую сумму более 509 млрд рублей.",With errors,"Какой федерльный закон №132-ФЗ6, разработаный при учасстии Банка Росии, продлили предоставление кредитным каникулам для граждан и бизнеса в 2023 году?",Федеральный закон №132-ФЗ.
Финансовые документы,Аналитические отчеты,centralbank2.pdf,"В 2023 году разработанный при участии Банка России Федеральный закон №132-ФЗ продлил предоставление кредитных каникул гражданам с сократившимися доходами и предпринимателям из наиболее пострадавших отраслей. Кредиторы продолжали реструктурировать задолженность и по своим собственным программам. Всего в 2023 году было реструктурировано почти 870 тыс. кредитов и займов граждан на общую сумму 454 млрд рублей, а также 17,4 тыс. кредитов субъектов МСП на общую сумму более 509 млрд рублей.",Trash,"Здравствуйте! У меня проблема с интернет-банком, не могу войти в личный кабинет. Но, кстати, мне еще интересно, какой закон в прошлом году помог людям с низкими доходами получить отсрочку по кредитам? Спасибо!","Федеральный закон №132-ФЗ, разработанный при участии Банка России, продлил кредитные каникулы для граждан с сократившимися доходами."
Финансовые документы,Аналитические отчеты,centralbank2.pdf,"В 2023 году разработанный при участии Банка России Федеральный закон №132-ФЗ продлил предоставление кредитных каникул гражданам с сократившимися доходами и предпринимателям из наиболее пострадавших отраслей. Кредиторы продолжали реструктурировать задолженность и по своим собственным программам. Всего в 2023 году было реструктурировано почти 870 тыс. кредитов и займов граждан на общую сумму 454 млрд рублей, а также 17,4 тыс. кредитов субъектов МСП на общую сумму более 509 млрд рублей.",Reformulation,"Каким законодательным актом 2023 года были расширены меры финансовой поддержки для физических лиц и малого бизнеса, испытывающих трудности с доходами?","Федеральным законом №132-ФЗ, разработанным при участии Банка России."
Финансовые документы,Аналитические отчеты,centralbank2.pdf,"В 2023 году разработанный при участии Банка России Федеральный закон №132-ФЗ продлил предоставление кредитных каникул гражданам с сократившимися доходами и предпринимателям из наиболее пострадавших отраслей. Кредиторы продолжали реструктурировать задолженность и по своим собственным программам. Всего в 2023 году было реструктурировано почти 870 тыс. кредитов и займов граждан на общую сумму 454 млрд рублей, а также 17,4 тыс. кредитов субъектов МСП на общую сумму более 509 млрд рублей.",Incorrect by design,Почему в 2022 году Банк России отменил кредитные каникулы для предпринимателей?,"Вопрос содержит ошибку: кредитные каникулы не отменялись, а были продлены в 2023 году законом №132-ФЗ для предпринимателей из пострадавших отраслей и граждан с сократившимися доходами."
Финансовые документы,Аналитические отчеты,commerce2.pdf,"В 2023 году рынок розничной электронной коммерции преодолел большинство затруднений, вызванных турбулентными событиями 2022 года, и показал стремительный рост. Общий объем выручки в секторе достиг 2,4 трлн тенге (+79% YoY), а проникновение e-commerce составило 12,6% (в 2022 году — 8,2%). Таким образом, Казахстан имеет все шансы войти в ТОП-10 стран по уровню пенетрации электронной коммерции в мире, обогнав Канаду с показателем на уровне 11,7%.",Simple,Какой объем выручки достиг сектор электронной коммерции Казахстана в 2023 году и каков рост по сравнению с предыдущим периодом?,"2,4 трлн тенге, рост на 79% в годовом исчислении (YoY)."
Финансовые документы,Аналитические отчеты,commerce2.pdf,"В 2023 году рынок розничной электронной коммерции преодолел большинство затруднений, вызванных турбулентными событиями 2022 года, и показал стремительный рост. Общий объем выручки в секторе достиг 2,4 трлн тенге (+79% YoY), а проникновение e-commerce составило 12,6% (в 2022 году — 8,2%). Таким образом, Казахстан имеет все шансы войти в ТОП-10 стран по уровню пенетрации электронной коммерции в мире, обогнав Канаду с показателем на уровне 11,7%.",With errors,"Сколко выручки был у електроннои комерции Казахстана в 2023 гду и на скок % эт больше чем раньше? (Они там вроде в топ-10 хотят войти, да?)","2,4 трлн тенге, рост на 79% в годовом исчислении (YoY)."
Финансовые документы,Аналитические отчеты,commerce2.pdf,"В 2023 году рынок розничной электронной коммерции преодолел большинство затруднений, вызванных турбулентными событиями 2022 года, и показал стремительный рост. Общий объем выручки в секторе достиг 2,4 трлн тенге (+79% YoY), а проникновение e-commerce составило 12,6% (в 2022 году — 8,2%). Таким образом, Казахстан имеет все шансы войти в ТОП-10 стран по уровню пенетрации электронной коммерции в мире, обогнав Канаду с показателем на уровне 11,7%.",Trash,"Привет! У меня не открывается сайт Kaspi.kz, пишет ошибку 404. Кстати, подскажите, какой доход у всего рынка онлайн-покупок в Казахстане в 2023? И еще: правда, что они теперь в топ-10 стран по каким-то показателям? Спасибо!","Общий объем выручки сектора электронной коммерции в 2023 году составил 2,4 трлн тенге. Казахстан может войти в ТОП-10 стран по уровню проникновения e-commerce, обогнав Канаду (11,7%)."
Финансовые документы,Аналитические отчеты,commerce2.pdf,"В 2023 году рынок розничной электронной коммерции преодолел большинство затруднений, вызванных турбулентными событиями 2022 года, и показал стремительный рост. Общий объем выручки в секторе достиг 2,4 трлн тенге (+79% YoY), а проникновение e-commerce составило 12,6% (в 2022 году — 8,2%). Таким образом, Казахстан имеет все шансы войти в ТОП-10 стран по уровню пенетрации электронной коммерции в мире, обогнав Канаду с показателем на уровне 11,7%.",Reformulation,"На какую сумму оцениваются продажи через интернет в розничной торговле Казахстана за прошлый год, и как это соотносится с данными за предыдущий год?","2,4 трлн тенге, что на 79% больше, чем в 2022 году."
Финансовые документы,Аналитические отчеты,commerce2.pdf,"В 2023 году рынок розничной электронной коммерции преодолел большинство затруднений, вызванных турбулентными событиями 2022 года, и показал стремительный рост. Общий объем выручки в секторе достиг 2,4 трлн тенге (+79% YoY), а проникновение e-commerce составило 12,6% (в 2022 году — 8,2%). Таким образом, Казахстан имеет все шансы войти в ТОП-10 стран по уровню пенетрации электронной коммерции в мире, обогнав Канаду с показателем на уровне 11,7%.",Incorrect by design,"Почему Казахстан в 2023 году уступил Китаю по уровню развития электронной коммерции, несмотря на рост выручки?","Вопрос содержит ошибку: Казахстан не уступал Китаю, а обогнал Канаду (11,7%) по уровню проникновения e-commerce, достигнув 12,6%. Это дает ему шанс войти в мировой ТОП-10."
Финансовые документы,Аналитические отчеты,macro2.pdf,"В целом, в 2023 году в связи с глобальными экономическими событиями мировой рынок нефти подвергся значительным колебаниям – нефть торговалась в диапазоне 71.8 – 96.6 долларов США за баррель. Средняя цена на сырую нефть марки Brent составила 82.2 доллара США за баррель в 2023 году, что на 18.6% ниже уровня 2022 года (101 доллар США за баррель). Согласно отчетам OIES и МЭА мировые рынки адаптировались к новой динамике: продажа сырой нефти из России расширилась за пределы Евросоюза, в то время как глобальный рост спроса на сырую нефть оказался ниже ожиданий. По прогнозам МЭА в январе 2023 года ожидался рост глобального спроса на нефть по итогу года на 1.9 млн баррелей в сутки до 101.7 млн баррелей в сутки, тем не менее согласно данным EIA среднее значение спроса за год составило 101.0 млн баррелей в сутки.",Simple,Какая была средняя цена на нефть марки Brent в 2023 году?,82.2 доллара США за баррель.
Финансовые документы,Аналитические отчеты,macro2.pdf,"В целом, в 2023 году в связи с глобальными экономическими событиями мировой рынок нефти подвергся значительным колебаниям – нефть торговалась в диапазоне 71.8 – 96.6 долларов США за баррель. Средняя цена на сырую нефть марки Brent составила 82.2 доллара США за баррель в 2023 году, что на 18.6% ниже уровня 2022 года (101 доллар США за баррель). Согласно отчетам OIES и МЭА мировые рынки адаптировались к новой динамике: продажа сырой нефти из России расширилась за пределы Евросоюза, в то время как глобальный рост спроса на сырую нефть оказался ниже ожиданий. По прогнозам МЭА в январе 2023 года ожидался рост глобального спроса на нефть по итогу года на 1.9 млн баррелей в сутки до 101.7 млн баррелей в сутки, тем не менее согласно данным EIA среднее значение спроса за год составило 101.0 млн баррелей в сутки.",With errors,Какай была средняя цена на нефт марки Brent в 2023 годй?,82.2 доллара США за баррель.
Финансовые документы,Аналитические отчеты,macro2.pdf,"В целом, в 2023 году в связи с глобальными экономическими событиями мировой рынок нефти подвергся значительным колебаниям – нефть торговалась в диапазоне 71.8 – 96.6 долларов США за баррель. Средняя цена на сырую нефть марки Brent составила 82.2 доллара США за баррель в 2023 году, что на 18.6% ниже уровня 2022 года (101 доллар США за баррель). Согласно отчетам OIES и МЭА мировые рынки адаптировались к новой динамике: продажа сырой нефти из России расширилась за пределы Евросоюза, в то время как глобальный рост спроса на сырую нефть оказался ниже ожиданий. По прогнозам МЭА в январе 2023 года ожидался рост глобального спроса на нефть по итогу года на 1.9 млн баррелей в сутки до 101.7 млн баррелей в сутки, тем не менее согласно данным EIA среднее значение спроса за год составило 101.0 млн баррелей в сутки.",Trash,"Здравствуйте, у меня проблема с принтером. Не могли бы вы помочь? И еще вопрос: какие данные о ценах на нефть Brent в прошлом году? Я пытался найти в интернете, но там много рекламы...",Средняя цена на нефть марки Brent в 2023 году составила 82.2 доллара США за баррель.
Финансовые документы,Аналитические отчеты,macro2.pdf,"В целом, в 2023 году в связи с глобальными экономическими событиями мировой рынок нефти подвергся значительным колебаниям – нефть торговалась в диапазоне 71.8 – 96.6 долларов США за баррель. Средняя цена на сырую нефть марки Brent составила 82.2 доллара США за баррель в 2023 году, что на 18.6% ниже уровня 2022 года (101 доллар США за баррель). Согласно отчетам OIES и МЭА мировые рынки адаптировались к новой динамике: продажа сырой нефти из России расширилась за пределы Евросоюза, в то время как глобальный рост спроса на сырую нефть оказался ниже ожиданий. По прогнозам МЭА в январе 2023 года ожидался рост глобального спроса на нефть по итогу года на 1.9 млн баррелей в сутки до 101.7 млн баррелей в сутки, тем не менее согласно данным EIA среднее значение спроса за год составило 101.0 млн баррелей в сутки.",Reformulation,Какой финансовый показатель характеризовал европейскую нефть в 2023 году согласно отчетам? ,82.2 доллара США за баррель.
Финансовые документы,Аналитические отчеты,macro2.pdf,"В целом, в 2023 году в связи с глобальными экономическими событиями мировой рынок нефти подвергся значительным колебаниям – нефть торговалась в диапазоне 71.8 – 96.6 долларов США за баррель. Средняя цена на сырую нефть марки Brent составила 82.2 доллара США за баррель в 2023 году, что на 18.6% ниже уровня 2022 года (101 доллар США за баррель). Согласно отчетам OIES и МЭА мировые рынки адаптировались к новой динамике: продажа сырой нефти из России расширилась за пределы Евросоюза, в то время как глобальный рост спроса на сырую нефть оказался ниже ожиданий. По прогнозам МЭА в январе 2023 года ожидался рост глобального спроса на нефть по итогу года на 1.9 млн баррелей в сутки до 101.7 млн баррелей в сутки, тем не менее согласно данным EIA среднее значение спроса за год составило 101.0 млн баррелей в сутки.",Incorrect by design,Почему цена на нефть Brent в 2023 году превысила уровень 2022 года?,"Вопрос содержит ошибку: цена на нефть Brent в 2023 году не превысила, а снизилась на 18.6% по сравнению с 2022 годом. Средняя цена составила 82.2 доллара США за баррель, тогда как в 2022 году она была 101 доллар США за баррель."
Финансовые документы,Аналитические отчеты,transport2.pdf,"Индекс физической доступности охватывает комплекс показателей, позволяющих оценить разнообразие способов передвижения, которыми могут воспользоваться горожане. На основе этого индекса мы оцениваем доступность рельсового транспорта, дорожной сети и транспорта совместного использования, а также связность города с другими городами при помощи авиасообщения. В тройку лидеров по индексу физической доступности входят Лондон, Париж и Мадрид (схема 20). Столица Великобритании опережает остальные города по количеству направлений авиасообщения; до начала пандемии COVID-19 аэропорт Хитроу обслуживал более 450 внутренних и международных направлений. Кроме того, Лондон – один из ведущих городов по показателям физической доступности улично‑дорожной сети. Например, это один из лидеров по доле велосипедных дорожек в общей протяженности дорожного полотна, а общая протяженность велосипедных дорожек в Лондоне за три года выросла более чем на 30%.",Simple,Какие города входят в тройку лидеров по индексу физической доступности?,"Лондон, Париж и Мадрид."
Финансовые документы,Аналитические отчеты,transport2.pdf,"Индекс физической доступности охватывает комплекс показателей, позволяющих оценить разнообразие способов передвижения, которыми могут воспользоваться горожане. На основе этого индекса мы оцениваем доступность рельсового транспорта, дорожной сети и транспорта совместного использования, а также связность города с другими городами при помощи авиасообщения. В тройку лидеров по индексу физической доступности входят Лондон, Париж и Мадрид (схема 20). Столица Великобритании опережает остальные города по количеству направлений авиасообщения; до начала пандемии COVID-19 аэропорт Хитроу обслуживал более 450 внутренних и международных направлений. Кроме того, Лондон – один из ведущих городов по показателям физической доступности улично‑дорожной сети. Например, это один из лидеров по доле велосипедных дорожек в общей протяженности дорожного полотна, а общая протяженность велосипедных дорожек в Лондоне за три года выросла более чем на 30%.",With errors,Какие городя входят в тройку лидеров по индексу физичской доступьности?,"Лондон, Париж и Мадрид."
Финансовые документы,Аналитические отчеты,transport2.pdf,"Индекс физической доступности охватывает комплекс показателей, позволяющих оценить разнообразие способов передвижения, которыми могут воспользоваться горожане. На основе этого индекса мы оцениваем доступность рельсового транспорта, дорожной сети и транспорта совместного использования, а также связность города с другими городами при помощи авиасообщения. В тройку лидеров по индексу физической доступности входят Лондон, Париж и Мадрид (схема 20). Столица Великобритании опережает остальные города по количеству направлений авиасообщения; до начала пандемии COVID-19 аэропорт Хитроу обслуживал более 450 внутренних и международных направлений. Кроме того, Лондон – один из ведущих городов по показателям физической доступности улично‑дорожной сети. Например, это один из лидеров по доле велосипедных дорожек в общей протяженности дорожного полотна, а общая протяженность велосипедных дорожек в Лондоне за три года выросла более чем на 30%.",Trash,"Здравствуйте! У меня не открывается файл с отчетом, постоянно выдает ошибку 404. Можете помочь? И еще подскажите, пожалуйста, какие три города возглавляют рейтинг по индексу доступности транспорта и авиасообщения? Спасибо!","Лондон, Париж и Мадрид."
Финансовые документы,Аналитические отчеты,transport2.pdf,"Индекс физической доступности охватывает комплекс показателей, позволяющих оценить разнообразие способов передвижения, которыми могут воспользоваться горожане. На основе этого индекса мы оцениваем доступность рельсового транспорта, дорожной сети и транспорта совместного использования, а также связность города с другими городами при помощи авиасообщения. В тройку лидеров по индексу физической доступности входят Лондон, Париж и Мадрид (схема 20). Столица Великобритании опережает остальные города по количеству направлений авиасообщения; до начала пандемии COVID-19 аэропорт Хитроу обслуживал более 450 внутренних и международных направлений. Кроме того, Лондон – один из ведущих городов по показателям физической доступности улично‑дорожной сети. Например, это один из лидеров по доле велосипедных дорожек в общей протяженности дорожного полотна, а общая протяженность велосипедных дорожек в Лондоне за три года выросла более чем на 30%.",Reformulation,Какие три европейских мегаполиса демонстрируют наилучшие результаты в интеграции различных видов городского и междугороднего транспорта?,"Лондон, Париж и Мадрид."
Финансовые документы,Аналитические отчеты,transport2.pdf,"Индекс физической доступности охватывает комплекс показателей, позволяющих оценить разнообразие способов передвижения, которыми могут воспользоваться горожане. На основе этого индекса мы оцениваем доступность рельсового транспорта, дорожной сети и транспорта совместного использования, а также связность города с другими городами при помощи авиасообщения. В тройку лидеров по индексу физической доступности входят Лондон, Париж и Мадрид (схема 20). Столица Великобритании опережает остальные города по количеству направлений авиасообщения; до начала пандемии COVID-19 аэропорт Хитроу обслуживал более 450 внутренних и международных направлений. Кроме того, Лондон – один из ведущих городов по показателям физической доступности улично‑дорожной сети. Например, это один из лидеров по доле велосипедных дорожек в общей протяженности дорожного полотна, а общая протяженность велосипедных дорожек в Лондоне за три года выросла более чем на 30%.",Incorrect by design,Почему Берлин занимает первое место в рейтинге физической доступности благодаря развитой сети велодорожек?,"Берлин не входит в тройку лидеров. Первые места занимают Лондон, Париж и Мадрид. Лондон, в частности, лидирует по доле велосипедных дорожек в дорожной сети и их росту на 30% за три года."
Финансовые документы,Аналитические отчеты,transport2.pdf,"Для оценки физической безопасности мы рассматривали показатели, отражающие количество погибших в результате ДТП на дорогах общего пользования на 1 млн человек, меры по дезинфекции общественного транспорта, смертность из‑за происшествий в метро и индекс соблюдения правил безопасности. Ведущие позиции в данной подгруппе заняли Сингапур, Токио и Сидней (схема 44). Например, Сингапур и Гонконг являются лидерами по индексу соблюдения правил безопасности, а Токио выделяется самым низким уровнем смертности в результате ДТП на 1 млн человек – 9,5 чел. против 34 чел. в среднем.",Simple,Какие города заняли ведущие позиции в подгруппе физической безопасности и по каким конкретным показателям они выделяются?,"Сингапур, Токио и Сидней. Сингапур и Гонконг лидируют по индексу соблюдения правил безопасности, а Токио имеет самый низкий уровень смертности из-за ДТП (9,5 чел. на 1 млн против среднего показателя 34 чел.)."
Финансовые документы,Аналитические отчеты,transport2.pdf,"Для оценки физической безопасности мы рассматривали показатели, отражающие количество погибших в результате ДТП на дорогах общего пользования на 1 млн человек, меры по дезинфекции общественного транспорта, смертность из‑за происшествий в метро и индекс соблюдения правил безопасности. Ведущие позиции в данной подгруппе заняли Сингапур, Токио и Сидней (схема 44). Например, Сингапур и Гонконг являются лидерами по индексу соблюдения правил безопасности, а Токио выделяется самым низким уровнем смертности в результате ДТП на 1 млн человек – 9,5 чел. против 34 чел. в среднем.",With errors,"Какии города лидируютт в физческой безопастности и што их особености? Напрмер, где мала смертность от аварий?","Сингапур, Токио и Сидней. Сингапур и Гонконг — лидеры по соблюдению правил безопасности, а в Токио самая низкая смертность из-за ДТП (9,5 чел. на 1 млн человек)."
Финансовые документы,Аналитические отчеты,transport2.pdf,"Для оценки физической безопасности мы рассматривали показатели, отражающие количество погибших в результате ДТП на дорогах общего пользования на 1 млн человек, меры по дезинфекции общественного транспорта, смертность из‑за происшествий в метро и индекс соблюдения правил безопасности. Ведущие позиции в данной подгруппе заняли Сингапур, Токио и Сидней (схема 44). Например, Сингапур и Гонконг являются лидерами по индексу соблюдения правил безопасности, а Токио выделяется самым низким уровнем смертности в результате ДТП на 1 млн человек – 9,5 чел. против 34 чел. в среднем.",Trash,"Привет! У меня проблема с Wi-Fi, не грузятся картинки. Кстати, я читал отчет про безопасность городов. Можете подсказать, какие три города там названы лучшими? И еще: почему Токио упоминается отдельно? Заранее спасибо!","Лучшие города — Сингапур, Токио и Сидней. Токио выделяется самым низким уровнем смертности в ДТП (9,5 чел. на 1 млн человек против среднего показателя 34 чел.)."
Финансовые документы,Аналитические отчеты,transport2.pdf,"Для оценки физической безопасности мы рассматривали показатели, отражающие количество погибших в результате ДТП на дорогах общего пользования на 1 млн человек, меры по дезинфекции общественного транспорта, смертность из‑за происшествий в метро и индекс соблюдения правил безопасности. Ведущие позиции в данной подгруппе заняли Сингапур, Токио и Сидней (схема 44). Например, Сингапур и Гонконг являются лидерами по индексу соблюдения правил безопасности, а Токио выделяется самым низким уровнем смертности в результате ДТП на 1 млн человек – 9,5 чел. против 34 чел. в среднем.",Reformulation,"Какие мегаполисы демонстрируют наивысшие результаты в оценке защиты жизни граждан, и чем они заслужили такое признание?","Сингапур, Токио и Сидней. Первые два лидируют по строгому следованию нормам безопасности, а Токио — по минимальному числу жертв автомобильных аварий (9,5 на 1 млн жителей)."
Финансовые документы,Аналитические отчеты,transport2.pdf,"Для оценки физической безопасности мы рассматривали показатели, отражающие количество погибших в результате ДТП на дорогах общего пользования на 1 млн человек, меры по дезинфекции общественного транспорта, смертность из‑за происшествий в метро и индекс соблюдения правил безопасности. Ведущие позиции в данной подгруппе заняли Сингапур, Токио и Сидней (схема 44). Например, Сингапур и Гонконг являются лидерами по индексу соблюдения правил безопасности, а Токио выделяется самым низким уровнем смертности в результате ДТП на 1 млн человек – 9,5 чел. против 34 чел. в среднем.",Incorrect by design,"Почему Москва заняла первое место по низкой смертности в ДТП, обогнав Токио?","Вопрос содержит ошибку: Москва не упоминается в контексте. Токио имеет самый низкий уровень смертности в ДТП — 9,5 чел. на 1 млн человек, что значительно ниже среднего показателя (34 чел.)."
Финансовые документы,Аналитические отчеты,smartcities2.pdf,"На примерах городов трех типов, различающихся как устройством существующих инфраструктурных систем, так и исходным уровнем развития, MGI оценил, как примерно 60 современных решений для умного города влияют на различные аспекты качества жизни. Использование этих новых инструментов обеспечивает целый ряд положительных результатов: в частности, они позволяют уменьшить смертность на 8–10%, повысить оперативность реагирования на чрезвычайные ситуации на 20–35%, сократить среднее время в пути на работу и с работы на 15–20%, снизить заболеваемость на 8–15%, а также сократить выбросы парниковых газов на 10–15%.",Simple,Какие положительные результаты обеспечивают современные решения для умного города согласно исследованию MGI?,"Уменьшение смертности на 8–10%, повышение оперативности реагирования на ЧС на 20–35%, сокращение времени в пути на работу на 15–20%, снижение заболеваемости на 8–15%, сокращение выбросов парниковых газов на 10–15%."
Финансовые документы,Аналитические отчеты,smartcities2.pdf,"На примерах городов трех типов, различающихся как устройством существующих инфраструктурных систем, так и исходным уровнем развития, MGI оценил, как примерно 60 современных решений для умного города влияют на различные аспекты качества жизни. Использование этих новых инструментов обеспечивает целый ряд положительных результатов: в частности, они позволяют уменьшить смертность на 8–10%, повысить оперативность реагирования на чрезвычайные ситуации на 20–35%, сократить среднее время в пути на работу и с работы на 15–20%, снизить заболеваемость на 8–15%, а также сократить выбросы парниковых газов на 10–15%.",With errors,"Какия положительныя результыты дают решениа для умново города по исследовнию MNGI? (Тут еще пропал интернет, не могу найти инфу про смертность и выброси газов.)","Уменьшение смертности на 8–10%, повышение оперативности реагирования на ЧС на 20–35%, сокращение времени в пути на работу на 15–20%, снижение заболеваемости на 8–15%, сокращение выбросов парниковых газов на 10–15%."
Финансовые документы,Аналитические отчеты,smartcities2.pdf,"На примерах городов трех типов, различающихся как устройством существующих инфраструктурных систем, так и исходным уровнем развития, MGI оценил, как примерно 60 современных решений для умного города влияют на различные аспекты качества жизни. Использование этих новых инструментов обеспечивает целый ряд положительных результатов: в частности, они позволяют уменьшить смертность на 8–10%, повысить оперативность реагирования на чрезвычайные ситуации на 20–35%, сократить среднее время в пути на работу и с работы на 15–20%, снизить заболеваемость на 8–15%, а также сократить выбросы парниковых газов на 10–15%.",Trash,"Привет! У меня не открывается PDF-файл с этим отчетом, может, вирус? Ладно, попробую спросить тут. Я читал, что MGI изучал какие-то технологии для городов, три типа городов, инфраструктура… Что там насчет улучшений по времени в пути и выбросам? Или это всё вранье?","Согласно исследованию, использование решений для умного города сокращает среднее время в пути на работу на 15–20% и снижает выбросы парниковых газов на 10–15%."
Финансовые документы,Аналитические отчеты,smartcities2.pdf,"На примерах городов трех типов, различающихся как устройством существующих инфраструктурных систем, так и исходным уровнем развития, MGI оценил, как примерно 60 современных решений для умного города влияют на различные аспекты качества жизни. Использование этих новых инструментов обеспечивает целый ряд положительных результатов: в частности, они позволяют уменьшить смертность на 8–10%, повысить оперативность реагирования на чрезвычайные ситуации на 20–35%, сократить среднее время в пути на работу и с работы на 15–20%, снизить заболеваемость на 8–15%, а также сократить выбросы парниковых газов на 10–15%.",Reformulation,"Какие изменения в городской среде прогнозируются при внедрении инновационных технологий, проанализированных в исследовании на основе трех моделей городов?","Уменьшение смертности, ускорение реагирования на ЧС, сокращение времени поездок на работу, снижение заболеваемости, уменьшение выбросов парниковых газов (с указанными процентными диапазонами)."
Финансовые документы,Аналитические отчеты,smartcities2.pdf,"На примерах городов трех типов, различающихся как устройством существующих инфраструктурных систем, так и исходным уровнем развития, MGI оценил, как примерно 60 современных решений для умного города влияют на различные аспекты качества жизни. Использование этих новых инструментов обеспечивает целый ряд положительных результатов: в частности, они позволяют уменьшить смертность на 8–10%, повысить оперативность реагирования на чрезвычайные ситуации на 20–35%, сократить среднее время в пути на работу и с работы на 15–20%, снизить заболеваемость на 8–15%, а также сократить выбросы парниковых газов на 10–15%.",Incorrect by design,"Почему исследование MGI доказало, что умные города увеличивают загрязнение воздуха на 15%?","Вопрос содержит ошибку: исследование, наоборот, указывает на сокращение выбросов парниковых газов на 10–15% благодаря решениям для умного города. Согласно контексту, внедрение технологий снижает негативное воздействие на экологию."
Финансовые документы,Аналитические отчеты,centralbank2.pdf,"Ключевые меры воздействия, принятые в отношении участников финансового рынка¹
Кредитные организации Субъекты страхового дела МФО, КПК, ломбарды
Участники корпоративных
отношений, профучастники,
субъекты коллективных инвестиций
13 предписаний²
об устранении / недопущении
нарушений
1085 предписаний²
об устранении / недопущении
нарушений
530 предписаний²
об устранении / недопущении
нарушений
286 предписаний²
об устранении / недопущении
нарушений
556 протоколов
об административном
правонарушении
2943 протокола об административном
правонарушении 770 протоколов об административном
правонарушении
1349 протоколов
об административном
правонарушении
563 письма и надзорные встречи,
содержащие рекомендации³ 358 писем и надзорных встреч,
содержащих рекомендации³ 326 писем и надзорных встреч,
содержащих рекомендации³ 57 писем и надзорных встреч,
содержащих рекомендации³",Table,Какая категория участников финансового рынка получила наибольшее количество протоколов об административных правонарушениях?,Субъекты страхового дела — 2943 протокола.
Финансовые документы,Аналитические отчеты,centralbank2.pdf,"Ключевые меры воздействия, принятые в отношении участников финансового рынка¹
Кредитные организации Субъекты страхового дела МФО, КПК, ломбарды
Участники корпоративных
отношений, профучастники,
субъекты коллективных инвестиций
13 предписаний²
об устранении / недопущении
нарушений
1085 предписаний²
об устранении / недопущении
нарушений
530 предписаний²
об устранении / недопущении
нарушений
286 предписаний²
об устранении / недопущении
нарушений
556 протоколов
об административном
правонарушении
2943 протокола об административном
правонарушении 770 протоколов об административном
правонарушении
1349 протоколов
об административном
правонарушении
563 письма и надзорные встречи,
содержащие рекомендации³ 358 писем и надзорных встреч,
содержащих рекомендации³ 326 писем и надзорных встреч,
содержащих рекомендации³ 57 писем и надзорных встреч,
содержащих рекомендации³",Table,Сколько писем и надзорных встреч с рекомендациями было направлено кредитным организациям?,563 письма и надзорные встречи.
Финансовые документы,Аналитические отчеты,macro2.pdf,"USD/KZT RUB/KZT
I кв. II кв. III кв. IV кв. I кв. II кв. III кв. IV кв.
Мин. значение 431.08 441.74 440.55 453.64 5.72 5.22 4.42 4.78
Макс. значение 466.15 457.68 482.77 479.4 6.87 5.88 5.14 5.24
Среднее
значение 454.93 448.82 455.11 466.08 6.27 5.54 4.84 5.02
% изменение по
итогам квартала 2.7% 1.3% 1.4% 2.4% 16.4% 11.6% 12.6% 3.7%",Table,В каком квартале курс RUB/KZT показал наибольшее процентное изменение по итогам периода?,Наибольшее процентное изменение курса RUB/KZT зафиксировано в I квартале (16.4%).
Финансовые документы,Аналитические отчеты,macro2.pdf,"USD/KZT RUB/KZT
I кв. II кв. III кв. IV кв. I кв. II кв. III кв. IV кв.
Мин. значение 431.08 441.74 440.55 453.64 5.72 5.22 4.42 4.78
Макс. значение 466.15 457.68 482.77 479.4 6.87 5.88 5.14 5.24
Среднее
значение 454.93 448.82 455.11 466.08 6.27 5.54 4.84 5.02
% изменение по
итогам квартала 2.7% 1.3% 1.4% 2.4% 16.4% 11.6% 12.6% 3.7%",Table,Какое максимальное значение достиг курс USD/KZT в III квартале?,Максимальное значение курса USD/KZT в III квартале составило 482.77.
Финансовые документы,Аналитические отчеты,commerce2.pdf,"Показатель 2022 2023 Δ
Объем продаж, трлн KZT 1,3 2,4 +79%
Объем продаж, млрд USD 2,9 5,3 +79%
Число транзакций, млн 49,0 90,2 +84%
Средний чек, тыс KZT 27,5 26,8 -2,6%
Средний чек, USD 59,7 58,8 -1,7%
Проникновение e-commerce 8,2% 12,6% +4,3 п.п.",Table,Какой показатель продемонстрировал наибольший рост в процентном выражении за период с 2022 по 2023 год?,"Наибольший рост (+84%) зафиксирован в показателе «Число транзакций, млн»."
Финансовые документы,Аналитические отчеты,commerce2.pdf,"Показатель 2022 2023 Δ
Объем продаж, трлн KZT 1,3 2,4 +79%
Объем продаж, млрд USD 2,9 5,3 +79%
Число транзакций, млн 49,0 90,2 +84%
Средний чек, тыс KZT 27,5 26,8 -2,6%
Средний чек, USD 59,7 58,8 -1,7%
Проникновение e-commerce 8,2% 12,6% +4,3 п.п.",Table,На сколько процентных пунктов увеличилось проникновение e-commerce в 2023 году по сравнению с 2022 годом?,"Проникновение e-commerce выросло на 4,3 процентных пункта (с 8,2% до 12,6%)."
Финансовые документы,Аналитические отчеты,commerce2.pdf,"Показатель 2022 2023 Δ
Объем продаж, трлн KZT 1,3 2,4 +79%
Объем продаж, млрд USD 2,9 5,3 +79%
Число транзакций, млн 49,0 90,2 +84%
Средний чек, тыс KZT 27,5 26,8 -2,6%
Средний чек, USD 59,7 58,8 -1,7%
Проникновение e-commerce 8,2% 12,6% +4,3 п.п.",Table,Как изменился средний чек в USD в 2023 году относительно 2022 года?,"Средний чек в USD снизился на 1,7% (с 59,7 до 58,8 USD)."
Финансовые документы,Аналитические отчеты,centralbank2.pdf,—,No info,Какие конкретные кибербезопасные риски были выявлены при тестировании цифрового рубля в пилотном проекте?,"В документе отсутствует информация о киберугрозах или технических уязвимостях, обнаруженных в ходе пилотирования цифрового рубля. В разделе 2.4.3 упоминается техническое тестирование операций, но детали рисков не раскрываются."
Финансовые документы,Аналитические отчеты,centralbank2.pdf,Разделы 1.1.2 («Инфляция и экономическая активность») и 1.2.2.1 («Кредитные организации»): данные о влиянии ставки на инфляцию и динамику ипотечного кредитования.,Multi block,Как повышение ключевой ставки до 16% повлияло на рынок недвижимости и инфляцию цен на жильё?,"Ужесточение денежно-кредитной политики замедлило инфляцию (с 7.5% до 7.4% к концу года), но не остановило рост ипотеки (+34.5%) из-за льготных программ. При этом цены на новостройки росли из-за дисбаланса спроса и предложения, что создавало риски перегрева рынка (разделы 1.1.2, 1.2.2.1)."
Финансовые документы,Аналитические отчеты,centralbank2.pdf,Раздел 1.2.2.2 («Негосударственные пенсионные фонды»): упоминание гарантий государства по возмещению накоплений до 2.8 млн руб. при банкротстве НПФ.,Logical thinking,"Почему активы НПФ увеличились на 7.8% в 2023 году, несмотря на санкционное давление?","Гарантии государства по защите пенсионных накоплений (до 2.8 млн руб.) повысили доверие граждан. Это стимулировало приток средств в НПФ даже в условиях внешних ограничений, что отражено в росте активов (раздел 1.2.2.2)."
Финансовые документы,Аналитические отчеты,centralbank2.pdf,Раздел 2.1.1 («Цели и основные меры...»): изменение ключевой ставки; раздел 1.2.2.1 («Кредитные организации»): объём корпоративных кредитов.,Double,Каков был размер ключевой ставки в августе 2023 года? На сколько вырос портфель корпоративных кредитов за год?,"1. В августе 2023 года ключевая ставка была повышена на внеочередном заседании, но точное значение не указано. Известно, что к декабрю она достигла 16.00% (раздел 2.1.1).
2. Портфель корпоративных кредитов вырос на 20.1%, достигнув 73.8 трлн рублей (раздел 1.2.2.1)."
Финансовые документы,Аналитические отчеты,centralbank2.pdf,—,No info,"Какие страны вошли в список «дружественных», с которыми РФ увеличила расчёты в национальных валютах?","Документ не конкретизирует перечень «дружественных стран». В разделах 1.1.4 и 2.4.1 упоминается переход на расчеты в юанях и валютах партнёров, но названия государств не приводятся."
Финансовые документы,Аналитические отчеты,centralbank2.pdf,Разделы 1.1.3 («Бюджетная политика...») и 2.6.1 («Развитие рынка...»): данные о дефиците бюджета и ESG-трансформации компаний.,Multi block,Как бюджетный дефицит и ESG-инициативы повлияли на долгосрочное финансирование экономики?,"Дефицит бюджета (1.9% ВВП) финансировался за счёт ФНБ и внутренних займов, что поддерживало госинвестиции. Параллельно развитие ESG-инструментов (например, «зелёных» облигаций) создало новые каналы привлечения долгосрочных частных инвестиций (разделы 1.1.3, 2.6.1)."
Финансовые документы,Аналитические отчеты,centralbank2.pdf,Раздел 1.2.2.4 («Субъекты рынка микрофинансирования»): рост онлайн-займов до 79% в общем объёме выдачи; раздел 2.3.8 («Противодействие мошенничеству»): блокировка полумиллиона мошеннических номеров.,Logical thinking,"Почему объём выдачи микрозаймов вырос на 29%, несмотря на усиление контроля за мошенничеством?","Рост онлайн-каналов (до 79% выдачи) упростил доступ к займам, а борьба с мошенничеством (блокировка номеров, предупреждения в СМИ) повысила доверие к легальным МФО, что стимулировало спрос (разделы 1.2.2.4, 2.3.8)."
Финансовые документы,Аналитические отчеты,centralbank2.pdf,Раздел 1.2.1 («Денежные и кредитные агрегаты...»): доля безналичных платежей; раздел 2.4.3 («Цифровой рубль»): этапы пилотирования.,Double,Какая доля розничных платежей в РФ осуществляется безналично? На каком этапе находится пилот цифрового рубля?,"1. Доля безналичных платежей в розничном обороте превысила 83% (раздел 1.2.1).
2. Пилот цифрового рубля вышел на этап тестирования с реальными клиентами: 13 банков, 600 клиентов, 30 компаний (раздел 2.4.3)."
Финансовые документы,Аналитические отчеты,commerce2.pdf,-,No info,Какие конкретные инвестиции в логистическую инфраструктуру осуществил Kaspi.kz в 2023 году?,В документе нет информации о конкретных инвестициях Kaspi.kz в логистическую инфраструктуру. Ответить невозможно.
Финансовые документы,Аналитические отчеты,commerce2.pdf,"- Страница 3: факторы роста (цифровизация, инвестиции, рост интернет-пользователей).
- Страница 13: влияние маркетплейсов на снижение среднего чека и рост транзакций.",Multi block,Какие факторы способствовали росту рынка электронной коммерции в Казахстане в 2023 году и как маркетплейсы повлияли на динамику среднего чека?,"Факторы роста: цифровизация финансового сектора, рост интернет-пользователей, приток инвестиций. Маркетплейсы увеличили конкуренцию, что привело к снижению среднего чека на 15% (источник: стр. 13)."
Финансовые документы,Аналитические отчеты,commerce2.pdf,- Страница 2: исключение из расчётов продаж железнодорожных и авиабилетов.,Logical thinking,Учитываются ли в отчёте продажи железнодорожных билетов через онлайн-платформы при расчёте объёма электронной коммерции?,"Нет, продажи железнодорожных билетов исключены из расчётов (источник: стр. 2)."
Финансовые документы,Аналитические отчеты,commerce2.pdf,"- Страница 7: объём продаж в 2023 году (2,418 млрд тенге).
- Страница 7: средний чек в 2023 году (26,8 тыс тенге).",Double,Каков был объём продаж в сегменте e-commerce в 2023 году? Как изменился средний чек по сравнению с 2022 годом?,"Объём продаж: 2,418 млрд тенге. Средний чек снизился на 2,6% (с 27,5 тыс тенге в 2022 до 26,8 тыс тенге в 2023) (источники: стр. 7)."
Финансовые документы,Аналитические отчеты,macro2.pdf,-,No info,Какие прогнозы по курсу EUR/KZT были представлены в опросе за II полугодие 2023 года?,В документе отсутствуют данные о прогнозах курса EUR/KZT. Ответить на вопрос невозможно на основе предоставленной информации.
Финансовые документы,Аналитические отчеты,macro2.pdf,"Страницы 15 (динамика индекса DXY), 17 (тренды курса USD/KZT во втором полугодии), 19 (прогнозы RUB/KZT), 20 (прогнозные диапазоны RUB/KZT)",Multi block,Как изменялась динамика курсов USD/KZT и RUB/KZT во втором полугодии 2023 года и какие прогнозы даны на среднесрочную перспективу?,"Курс USD/KZT ослабевал во II полугодии 2023 (в среднем 455.11 тенге в III кв. и 466.08 в IV кв.), а RUB/KZT укреплялся до IV квартала (4.84 тенге за рубль в III кв., 5.02 в IV кв.). Прогнозы на 1 год: USD/KZT 440–488, RUB/KZT 4.5–5.3 тенге."
Финансовые документы,Аналитические отчеты,macro2.pdf,"Страницы 25 (снижение базовой ставки НБРК в 2023–2024 гг.), 21 (снижение инфляции до 9.8% в 2023 г.)",Logical thinking,Как снижение базовой ставки НБРК в 2023 году могло повлиять на инфляцию в Казахстане?,"Снижение ставки (с 16.75% до 14.75%) совпало с замедлением инфляции (с 20.3% в 2022 г. до 9.8% в 2023 г.), что позволяет предположить, что смягчение денежно-кредитной политики способствовало контролю инфляции."
Финансовые документы,Аналитические отчеты,macro2.pdf,"Страница 12 (прогнозы цен на нефть), страница 16 (объем торгов RUB/KZT)",Double,Каков медианный прогноз цены нефти Brent на 1 год и какой объем торгов RUB/KZT был зафиксирован в 2023 году?,"1. Медианный прогноз цены Brent на 1 год: 70–92.5 долл./барр. (страница 14). 2. Объем торгов RUB/KZT в 2023 году: 7.1% от общего объема (29.7 трлн тенге), что составляет ~2.11 трлн тенге (страница 16)."
Финансовые документы,Аналитические отчеты,transport2.pdf,-,No info,Какое количество станций метрополитена насчитывается в Москве по данным исследования?,"В предоставленном документе отсутствует информация о количестве станций метро в конкретных городах, включая Москву."
Финансовые документы,Аналитические отчеты,transport2.pdf,"Разделы ""Рейтинг по показателям эффективности"" (с.52) и ""Рейтинг по показателям безопасности"" (с.60)",Multi block,Какие города демонстрируют стабильно высокие результаты одновременно в эффективности транспортной системы и экологической безопасности?,"Для ответа требуется сопоставить данные из двух независимых рейтингов: ТОП-5 по эффективности (Сингапур, Токио, Гонконг) и ТОП-3 по экологической безопасности (Стокгольм, Вена, Берлин). Конкретные совпадения в документе не указаны."
Финансовые документы,Аналитические отчеты,transport2.pdf,"С.10 критерии отбора городов (ВРП >10 тыс.$, >150 авто/1000 чел.)",Logical thinking,"Может ли город с населением 7 млн человек, но ВРП 9,500$ на душу, участвовать в рейтинге?","Нет. Согласно критериям, минимальный ВРП должен составлять 10 тыс.$ на душу населения, что делает такой город несоответствующим требованиям отбора."
Финансовые документы,Аналитические отчеты,transport2.pdf,С.8 (методика) и с.22 (опрос),Double,Какие методы использовались для сбора данных и сколько респондентов участвовало в опросе?,1. Использованы инструменты геоаналитики и анализ 50+ показателей. 2. В опросе участвовало около 10 тыс. жителей.
Финансовые документы,Аналитические отчеты,transport2.pdf,-,No info,Какие конкретные меры по борьбе с COVID-19 внедрил транспортный департамент Берлина?,Документ не содержит специфических данных о мерах отдельных городов в период пандемии.
Финансовые документы,Аналитические отчеты,transport2.pdf,С.32 (реализованные проекты) и с.94 (влияние пандемии),Multi block,Как пандемия повлияла на приоритеты в реализации транспортных проектов?,Требуется анализ разделов: 1) Примеры проектов 2018-2020 (с.32) 2) Изменения приоритетов из-за COVID-19 (с.94). Конкретные корреляции в документе не приведены.
Финансовые документы,Аналитические отчеты,transport2.pdf,С.30 (корреляция ВРП и качества транспорта),Logical thinking,"Если город А имеет ВРП 15 тыс.$/чел., а город Б - 8 тыс.$/чел., какой из них вероятнее имеет лучшую транспортную систему?",Город А. Исследование выявило прямую корреляцию между высоким ВРП (>10 тыс.$) и развитостью транспортной системы.
Финансовые документы,Аналитические отчеты,transport2.pdf,С.12 (показатели) и с.23 (веса),Double,Какие группы показателей учитывались в исследовании и как определялись их весовые коэффициенты?,"1. Учтены 5 групп: доступность, эффективность и др. 2. Веса определялись через опрос 30+ экспертов."
Финансовые документы,Аналитические отчеты,smartcities2.pdf,-,No info,Какие технологии умных городов используются для управления дронами в городской логистике?,На основании предоставленного документа невозможно ответить на вопрос. В тексте отсутствует информация о применении дронов в городской логистике.
Финансовые документы,Аналитические отчеты,smartcities2.pdf,"15, 16, 17, 19",Multi block,"Какие факторы влияют на выбор горожанами умных решений, и как они взаимодействуют между собой?","Основные факторы: возраст населения (снижение среднего возраста на 2 года повышает использование на 1 п.п.), плотность населения (увеличивает экономическую эффективность решений), климат (стимулирует решения для активного отдыха), уровень доходов (определяет доступность технологий), роль городских властей (регулирование и поддержка). Эти факторы взаимосвязаны: например, высокая плотность населения и теплый климат в Шанхае способствуют популярности велопроката (стр. 15, 16, 17, 19)."
Финансовые документы,Аналитические отчеты,smartcities2.pdf,"23, 14",Logical thinking,"Почему в Берлине уровень удовлетворённости услугами онлайн-такси ниже, чем в Москве?","Берлин ограничивает количество лицензий для такси, что снижает конкуренцию и качество услуг, а также способствует развитию ""серого"" рынка. В Москве лицензии выдаются без ограничений, что обеспечивает высокую конкуренцию и низкие цены (стр. 23, 14)."
Финансовые документы,Аналитические отчеты,smartcities2.pdf,"13, 37",Double,"Какие умные решения имеют самый высокий уровень использования в Шанхае, и как климат влияет на их популярность?","1. В Шанхае наиболее популярны онлайн-такси (78% пользователей) и системы велопроката (81% пользователей). 2. Мягкий климат (среднегодовая температура 17°C) способствует активному использованию велопроката как транспорта ""последней мили"" (стр. 13, 37)."